{
  "type": "FeatureCollection",
  "name": "吹田市緊急交通路_表示用",
  "source_page": "https://www.city.suita.osaka.jp/sangyo/1018186/1018486/1037313.html",
  "source_map": "吹田市「地域緊急交通路」参考図",
  "note": "OSMに公式市道名がない市道は、吹田市公式参考図を基準にローカル道路ネットワークへスナップした表示用形状。最終的な経路計算用線形は別途精査すること。",
  "features": [
    {
      "type": "Feature",
      "properties": {
        "name": "近畿自動車道",
        "category": "広域緊急交通路",
        "geometry_quality": "osm_name_match",
        "geometry_source": "OpenStreetMap road geometry matched by official route name"
      },
      "geometry": {
        "type": "MultiLineString",
        "coordinates": [
          [
            [
              135.5487741,
              34.8081501
            ],
            [
              135.547843,
              34.8081102
            ],
            [
              135.5471447,
              34.8080747
            ],
            [
              135.546932,
              34.8080519
            ],
            [
              135.5467928,
              34.8080256
            ],
            [
              135.5466617,
              34.8079916
            ],
            [
              135.5465066,
              34.8079443
            ],
            [
              135.5463488,
              34.8079025
            ],
            [
              135.5461917,
              34.8078722
            ],
            [
              135.5460185,
              34.8078485
            ],
            [
              135.5457042,
              34.8078298
            ],
            [
              135.5453424,
              34.807819
            ],
            [
              135.5452112,
              34.8078245
            ],
            [
              135.5450585,
              34.807835
            ],
            [
              135.5449084,
              34.8078587
            ],
            [
              135.5447652,
              34.8078841
            ],
            [
              135.5446065,
              34.8078967
            ],
            [
              135.5444437,
              34.8078984
            ],
            [
              135.5441569,
              34.8078866
            ],
            [
              135.5434248,
              34.8078412
            ],
            [
              135.5431135,
              34.8078233
            ],
            [
              135.5428044,
              34.8078022
            ],
            [
              135.5422953,
              34.8077558
            ],
            [
              135.5420412,
              34.807729
            ],
            [
              135.5412542,
              34.8076383
            ],
            [
              135.5405968,
              34.8075731
            ],
            [
              135.5401205,
              34.8075333
            ],
            [
              135.538088,
              34.8074178
            ],
            [
              135.5373818,
              34.8073916
            ],
            [
              135.5363596,
              34.8073726
            ],
            [
              135.5359663,
              34.8073569
            ],
            [
              135.5345281,
              34.8072836
            ],
            [
              135.5340548,
              34.8073
            ]
          ],
          [
            [
              135.5483691,
              34.8081996
            ],
            [
              135.5494468,
              34.8082665
            ]
          ],
          [
            [
              135.5440432,
              34.8083114
            ],
            [
              135.5443374,
              34.8083774
            ],
            [
              135.5447516,
              34.8084634
            ],
            [
              135.5448428,
              34.8084791
            ],
            [
              135.5449243,
              34.8084889
            ],
            [
              135.5452337,
              34.8085009
            ],
            [
              135.5456594,
              34.8085162
            ],
            [
              135.5460275,
              34.8085241
            ],
            [
              135.5461328,
              34.8085155
            ],
            [
              135.5462093,
              34.808505
            ],
            [
              135.5462786,
              34.8084892
            ],
            [
              135.5463975,
              34.8084547
            ],
            [
              135.5466542,
              34.8083527
            ],
            [
              135.5469081,
              34.8082538
            ],
            [
              135.5470524,
              34.8082007
            ],
            [
              135.5471566,
              34.8081796
            ],
            [
              135.5472468,
              34.8081704
            ],
            [
              135.5473199,
              34.8081719
            ],
            [
              135.5478365,
              34.8081935
            ],
            [
              135.5483691,
              34.8081996
            ]
          ],
          [
            [
              135.5327266,
              34.8073307
            ],
            [
              135.5339445,
              34.8074582
            ],
            [
              135.5351507,
              34.8075478
            ],
            [
              135.5379412,
              34.807762
            ],
            [
              135.5392392,
              34.8078776
            ],
            [
              135.5406218,
              34.8080072
            ],
            [
              135.5408681,
              34.8080279
            ],
            [
              135.5410581,
              34.808042
            ],
            [
              135.5411994,
              34.8080483
            ],
            [
              135.5413719,
              34.8080487
            ],
            [
              135.5415532,
              34.8080472
            ],
            [
              135.5417464,
              34.8080353
            ],
            [
              135.5421354,
              34.8080046
            ],
            [
              135.5424852,
              34.8079664
            ],
            [
              135.5427236,
              34.8079414
            ],
            [
              135.5429001,
              34.8079288
            ],
            [
              135.5430657,
              34.8079252
            ],
            [
              135.5432685,
              34.807927
            ],
            [
              135.5434904,
              34.8079363
            ],
            [
              135.5442149,
              34.8080021
            ],
            [
              135.5446287,
              34.8080562
            ],
            [
              135.5447445,
              34.8080668
            ],
            [
              135.5456907,
              34.808117
            ],
            [
              135.5462661,
              34.8081487
            ],
            [
              135.5464598,
              34.8081536
            ],
            [
              135.5468335,
              34.8081339
            ],
            [
              135.5469979,
              34.8081252
            ],
            [
              135.547182,
              34.8081254
            ],
            [
              135.5483691,
              34.8081996
            ]
          ],
          [
            [
              135.5408786,
              34.8041039
            ],
            [
              135.5409901,
              34.8041197
            ],
            [
              135.541109,
              34.8041275
            ],
            [
              135.5412187,
              34.8041276
            ],
            [
              135.5413271,
              34.8041245
            ],
            [
              135.5414285,
              34.8041159
            ],
            [
              135.5415509,
              34.8040988
            ],
            [
              135.542057,
              34.804022
            ],
            [
              135.5423105,
              34.8039883
            ],
            [
              135.5424479,
              34.803978
            ],
            [
              135.5425662,
              34.8039718
            ],
            [
              135.5426736,
              34.8039716
            ],
            [
              135.5427836,
              34.8039742
            ],
            [
              135.5428917,
              34.8039843
            ],
            [
              135.5429794,
              34.8039997
            ],
            [
              135.5430643,
              34.8040184
            ],
            [
              135.5431492,
              34.8040416
            ],
            [
              135.5432769,
              34.8040835
            ],
            [
              135.5434038,
              34.8041363
            ],
            [
              135.54352,
              34.8041947
            ],
            [
              135.5436242,
              34.8042569
            ],
            [
              135.5437176,
              34.8043268
            ],
            [
              135.5438065,
              34.8044067
            ],
            [
              135.5438991,
              34.8045095
            ],
            [
              135.5440493,
              34.8046967
            ],
            [
              135.5442328,
              34.8050184
            ],
            [
              135.5445081,
              34.8055184
            ],
            [
              135.5450182,
              34.8064469
            ],
            [
              135.545168,
              34.8067654
            ],
            [
              135.5451965,
              34.8068348
            ],
            [
              135.545221,
              34.8069086
            ],
            [
              135.5452417,
              34.8069873
            ],
            [
              135.5452549,
              34.8070731
            ],
            [
              135.54526,
              34.80716
            ],
            [
              135.5452594,
              34.8072601
            ],
            [
              135.5452521,
              34.8073425
            ],
            [
              135.5452382,
              34.8074244
            ],
            [
              135.5452156,
              34.8075132
            ],
            [
              135.5451907,
              34.807593
            ],
            [
              135.5450987,
              34.8078023
            ],
            [
              135.5450724,
              34.8078711
            ],
            [
              135.5450514,
              34.8079398
            ],
            [
              135.5450323,
              34.8080278
            ],
            [
              135.5450244,
              34.8080982
            ],
            [
              135.5450172,
              34.8081707
            ],
            [
              135.5450161,
              34.8082377
            ],
            [
              135.5450215,
              34.8082996
            ],
            [
              135.5450337,
              34.8083566
            ],
            [
              135.5450539,
              34.8084196
            ],
            [
              135.5450814,
              34.8084782
            ],
            [
              135.5451206,
              34.8085434
            ],
            [
              135.5451645,
              34.8085964
            ],
            [
              135.5452146,
              34.8086502
            ],
            [
              135.5452803,
              34.8087088
            ],
            [
              135.5453513,
              34.8087602
            ],
            [
              135.545431,
              34.8088035
            ],
            [
              135.5455054,
              34.8088363
            ],
            [
              135.5455898,
              34.8088641
            ],
            [
              135.5456767,
              34.808883
            ],
            [
              135.5457689,
              34.8088948
            ],
            [
              135.5458535,
              34.8088969
            ],
            [
              135.5459441,
              34.8088935
            ],
            [
              135.5460356,
              34.8088815
            ],
            [
              135.5461245,
              34.8088612
            ],
            [
              135.5462026,
              34.8088348
            ],
            [
              135.5462794,
              34.8088011
            ],
            [
              135.5463464,
              34.8087658
            ],
            [
              135.5464087,
              34.8087266
            ],
            [
              135.5465701,
              34.8086053
            ],
            [
              135.5466716,
              34.8085303
            ],
            [
              135.5467403,
              34.8084882
            ],
            [
              135.5468381,
              34.8084411
            ],
            [
              135.5469064,
              34.8084093
            ],
            [
              135.5469831,
              34.8083765
            ],
            [
              135.5470603,
              34.8083475
            ],
            [
              135.5471431,
              34.8083219
            ],
            [
              135.5472287,
              34.8082997
            ],
            [
              135.5473366,
              34.8082786
            ],
            [
              135.5474462,
              34.8082632
            ],
            [
              135.5475618,
              34.8082548
            ],
            [
              135.5480034,
              34.8082447
            ],
            [
              135.5489263,
              34.8082787
            ],
            [
              135.5494468,
              34.8082665
            ]
          ]
        ]
      }
    },
    {
      "type": "Feature",
      "properties": {
        "name": "名神高速道路",
        "category": "広域緊急交通路",
        "geometry_quality": "osm_name_match",
        "geometry_source": "OpenStreetMap road geometry matched by official route name"
      },
      "geometry": {
        "type": "MultiLineString",
        "coordinates": [
          [
            [
              135.5437713,
              34.8077839
            ],
            [
              135.5434736,
              34.8072704
            ],
            [
              135.5432054,
              34.8067735
            ],
            [
              135.5427785,
              34.8059065
            ],
            [
              135.542471,
              34.8052597
            ],
            [
              135.5405916,
              34.8011288
            ]
          ],
          [
            [
              135.5405916,
              34.8011288
            ],
            [
              135.540237,
              34.800369
            ],
            [
              135.539764,
              34.799335
            ],
            [
              135.5391164,
              34.7979071
            ],
            [
              135.5385126,
              34.7966027
            ],
            [
              135.5381231,
              34.7958061
            ],
            [
              135.5376432,
              34.7948875
            ],
            [
              135.5373231,
              34.7943503
            ],
            [
              135.5371237,
              34.7940267
            ],
            [
              135.5368706,
              34.7936335
            ],
            [
              135.5364429,
              34.7930062
            ],
            [
              135.53614,
              34.7925739
            ],
            [
              135.535943,
              34.7922998
            ],
            [
              135.5352872,
              34.7914293
            ],
            [
              135.535192,
              34.7913061
            ],
            [
              135.534279,
              34.7902466
            ],
            [
              135.5336437,
              34.7895634
            ],
            [
              135.5330039,
              34.788909
            ],
            [
              135.5316077,
              34.7875056
            ],
            [
              135.5314047,
              34.7873036
            ],
            [
              135.5299943,
              34.7859007
            ],
            [
              135.5292436,
              34.7851228
            ],
            [
              135.5289763,
              34.7848736
            ]
          ],
          [
            [
              135.5289763,
              34.7848736
            ],
            [
              135.527374,
              34.78326
            ],
            [
              135.5262105,
              34.7820717
            ],
            [
              135.5256156,
              34.7814801
            ]
          ],
          [
            [
              135.5238819,
              34.7799278
            ],
            [
              135.5261091,
              34.7821411
            ],
            [
              135.5276596,
              34.7837455
            ]
          ],
          [
            [
              135.5483795,
              34.807981
            ],
            [
              135.5482517,
              34.8079867
            ],
            [
              135.5480675,
              34.8079758
            ],
            [
              135.5479057,
              34.8079586
            ],
            [
              135.5477483,
              34.8079373
            ],
            [
              135.547607,
              34.8079137
            ],
            [
              135.5474725,
              34.8078879
            ],
            [
              135.5473433,
              34.8078571
            ],
            [
              135.547194,
              34.8078219
            ],
            [
              135.547035,
              34.8077792
            ],
            [
              135.5468761,
              34.8077377
            ],
            [
              135.5466387,
              34.8076646
            ],
            [
              135.5465427,
              34.8076323
            ],
            [
              135.5464447,
              34.8076084
            ],
            [
              135.5463505,
              34.8075932
            ],
            [
              135.5462762,
              34.8075851
            ],
            [
              135.5462026,
              34.8075802
            ],
            [
              135.5460876,
              34.8075783
            ],
            [
              135.5460104,
              34.8075779
            ],
            [
              135.5459339,
              34.8075743
            ],
            [
              135.5458347,
              34.8075596
            ],
            [
              135.5457523,
              34.8075404
            ],
            [
              135.545676,
              34.8075096
            ],
            [
              135.5456036,
              34.8074668
            ],
            [
              135.5455385,
              34.8074102
            ],
            [
              135.5454869,
              34.8073596
            ],
            [
              135.5454437,
              34.807295
            ],
            [
              135.5454108,
              34.8072153
            ],
            [
              135.5453812,
              34.8071196
            ],
            [
              135.5453423,
              34.8069676
            ],
            [
              135.5452833,
              34.8067761
            ],
            [
              135.5451562,
              34.8064606
            ],
            [
              135.5450587,
              34.8062177
            ],
            [
              135.545045,
              34.8061667
            ],
            [
              135.5450382,
              34.8061192
            ],
            [
              135.5450295,
              34.8058642
            ],
            [
              135.5450261,
              34.8058119
            ],
            [
              135.54501,
              34.8057281
            ]
          ],
          [
            [
              135.5473144,
              34.807982
            ],
            [
              135.5469914,
              34.8078917
            ],
            [
              135.5466153,
              34.8077853
            ],
            [
              135.5465102,
              34.8077496
            ],
            [
              135.5464069,
              34.8077045
            ],
            [
              135.5463144,
              34.8076484
            ],
            [
              135.5461363,
              34.8075149
            ],
            [
              135.5460258,
              34.8074243
            ],
            [
              135.5458887,
              34.8072964
            ],
            [
              135.545769,
              34.8071619
            ],
            [
              135.5456239,
              34.8069948
            ],
            [
              135.5454814,
              34.8067925
            ],
            [
              135.5452971,
              34.8064621
            ],
            [
              135.5451476,
              34.8061933
            ],
            [
              135.5451284,
              34.8061468
            ],
            [
              135.5451161,
              34.8061004
            ],
            [
              135.5450557,
              34.8058658
            ],
            [
              135.5450395,
              34.8058085
            ],
            [
              135.54501,
              34.8057281
            ]
          ],
          [
            [
              135.5398299,
              34.7997834
            ],
            [
              135.540563,
              34.8013989
            ],
            [
              135.5413135,
              34.8030522
            ],
            [
              135.5423211,
              34.8052973
            ]
          ],
          [
            [
              135.54501,
              34.8057281
            ],
            [
              135.5448251,
              34.8053891
            ],
            [
              135.5446656,
              34.8051204
            ],
            [
              135.5446203,
              34.805054
            ],
            [
              135.5445629,
              34.8049911
            ],
            [
              135.5444732,
              34.8049216
            ]
          ],
          [
            [
              135.5440432,
              34.8083114
            ],
            [
              135.5443475,
              34.8084024
            ],
            [
              135.5445367,
              34.8084679
            ],
            [
              135.5446426,
              34.8085065
            ],
            [
              135.5447417,
              34.8085516
            ],
            [
              135.5448435,
              34.8086067
            ],
            [
              135.5449419,
              34.8086674
            ],
            [
              135.5450565,
              34.80875
            ],
            [
              135.5451698,
              34.8088261
            ],
            [
              135.545275,
              34.8088846
            ],
            [
              135.5453788,
              34.8089399
            ],
            [
              135.545483,
              34.8089817
            ],
            [
              135.5455847,
              34.8090202
            ],
            [
              135.5456877,
              34.8090466
            ],
            [
              135.5458012,
              34.8090649
            ],
            [
              135.5459083,
              34.8090731
            ],
            [
              135.5460182,
              34.8090684
            ],
            [
              135.5461227,
              34.8090505
            ],
            [
              135.5462085,
              34.809022
            ],
            [
              135.5463029,
              34.8089841
            ],
            [
              135.546396,
              34.8089318
            ],
            [
              135.5464746,
              34.8088773
            ],
            [
              135.5465452,
              34.8088108
            ],
            [
              135.5466295,
              34.8087007
            ],
            [
              135.5466803,
              34.8085885
            ],
            [
              135.5467191,
              34.8084535
            ],
            [
              135.546746,
              34.8083404
            ],
            [
              135.5467593,
              34.808216
            ],
            [
              135.5467643,
              34.8079956
            ],
            [
              135.5467477,
              34.8077775
            ],
            [
              135.5467278,
              34.8076634
            ],
            [
              135.5466985,
              34.8075515
            ],
            [
              135.5466758,
              34.8074895
            ],
            [
              135.5466424,
              34.8074297
            ],
            [
              135.5465906,
              34.8073711
            ],
            [
              135.5465322,
              34.8073213
            ],
            [
              135.5464513,
              34.8072685
            ],
            [
              135.5463719,
              34.807229
            ],
            [
              135.5462699,
              34.8071865
            ],
            [
              135.5460123,
              34.8070977
            ],
            [
              135.5459271,
              34.8070654
            ],
            [
              135.5458457,
              34.8070261
            ],
            [
              135.5457883,
              34.8069912
            ],
            [
              135.5457399,
              34.8069546
            ],
            [
              135.5456875,
              34.8069022
            ],
            [
              135.5456458,
              34.8068409
            ],
            [
              135.545443,
              34.806484
            ],
            [
              135.54501,
              34.8057281
            ]
          ],
          [
            [
              135.5276596,
              34.7837455
            ],
            [
              135.528019,
              34.7841173
            ],
            [
              135.5291497,
              34.785215
            ],
            [
              135.5299081,
              34.7859889
            ],
            [
              135.5313004,
              34.7873773
            ],
            [
              135.5315033,
              34.7875797
            ],
            [
              135.5328974,
              34.7889788
            ],
            [
              135.5335321,
              34.7896236
            ],
            [
              135.5341639,
              34.7903064
            ],
            [
              135.5350894,
              34.791369
            ],
            [
              135.5351689,
              34.7914812
            ],
            [
              135.5358265,
              34.7923453
            ],
            [
              135.5360608,
              34.7926629
            ],
            [
              135.5363379,
              34.7930522
            ],
            [
              135.5367591,
              34.7936827
            ],
            [
              135.5370091,
              34.7940721
            ],
            [
              135.5371995,
              34.7943916
            ],
            [
              135.5375271,
              34.7949532
            ],
            [
              135.537999,
              34.7958789
            ],
            [
              135.5383811,
              34.7966278
            ],
            [
              135.5389796,
              34.79794
            ],
            [
              135.5396283,
              34.7993733
            ],
            [
              135.5398299,
              34.7997834
            ]
          ]
        ]
      }
    },
    {
      "type": "Feature",
      "properties": {
        "name": "大阪中央環状線",
        "category": "広域緊急交通路",
        "geometry_quality": "osm_name_match",
        "geometry_source": "OpenStreetMap road geometry matched by official route name"
      },
      "geometry": {
        "type": "MultiLineString",
        "coordinates": [
          [
            [
              135.5071915,
              34.8069324
            ],
            [
              135.5084666,
              34.8067879
            ],
            [
              135.5086142,
              34.806772
            ],
            [
              135.5132035,
              34.8062666
            ],
            [
              135.5137329,
              34.8062144
            ],
            [
              135.514276,
              34.8061638
            ],
            [
              135.5148043,
              34.8061218
            ],
            [
              135.5154042,
              34.8060956
            ],
            [
              135.5162135,
              34.8060926
            ],
            [
              135.5164585,
              34.8061003
            ],
            [
              135.5167142,
              34.806113
            ]
          ],
          [
            [
              135.5360845,
              34.8077434
            ],
            [
              135.5363938,
              34.807776
            ],
            [
              135.5366409,
              34.8078011
            ],
            [
              135.5368959,
              34.8078224
            ],
            [
              135.5371803,
              34.8078419
            ],
            [
              135.537513,
              34.807857
            ],
            [
              135.5381296,
              34.8078892
            ],
            [
              135.5384097,
              34.8079098
            ],
            [
              135.5386872,
              34.8079336
            ],
            [
              135.5396216,
              34.8080175
            ],
            [
              135.5408552,
              34.8081351
            ]
          ],
          [
            [
              135.5462165,
              34.8092211
            ],
            [
              135.5462621,
              34.8092167
            ],
            [
              135.5463721,
              34.8091991
            ],
            [
              135.5464847,
              34.8091793
            ],
            [
              135.546587,
              34.809152
            ],
            [
              135.546696,
              34.809118
            ],
            [
              135.5468106,
              34.8090755
            ],
            [
              135.5469172,
              34.8090298
            ],
            [
              135.5470801,
              34.8089533
            ],
            [
              135.547261,
              34.8088598
            ],
            [
              135.5474741,
              34.8087471
            ],
            [
              135.5476443,
              34.8086675
            ]
          ],
          [
            [
              135.5496151,
              34.8083858
            ],
            [
              135.5502555,
              34.8084028
            ]
          ],
          [
            [
              135.5502555,
              34.8084028
            ],
            [
              135.5511881,
              34.8084223
            ]
          ],
          [
            [
              135.5483795,
              34.807981
            ],
            [
              135.5482455,
              34.8079621
            ],
            [
              135.5481169,
              34.8079409
            ],
            [
              135.5479858,
              34.8079152
            ],
            [
              135.5478577,
              34.8078835
            ],
            [
              135.5477201,
              34.8078463
            ],
            [
              135.547468,
              34.8077575
            ],
            [
              135.5472595,
              34.8076597
            ],
            [
              135.547042,
              34.8075364
            ],
            [
              135.546411,
              34.8071004
            ],
            [
              135.5461331,
              34.8069362
            ],
            [
              135.5459039,
              34.8068433
            ],
            [
              135.5456637,
              34.8067669
            ],
            [
              135.5453159,
              34.8066968
            ],
            [
              135.5450329,
              34.8066763
            ],
            [
              135.5447953,
              34.8066836
            ],
            [
              135.544406,
              34.8067381
            ],
            [
              135.5441183,
              34.8068189
            ]
          ],
          [
            [
              135.5408749,
              34.8074752
            ],
            [
              135.5406472,
              34.8074595
            ]
          ],
          [
            [
              135.5406472,
              34.8074595
            ],
            [
              135.5381227,
              34.8073199
            ],
            [
              135.5370627,
              34.807238
            ],
            [
              135.5363882,
              34.8072024
            ]
          ],
          [
            [
              135.5363882,
              34.8072024
            ],
            [
              135.5356489,
              34.8071679
            ],
            [
              135.5352907,
              34.8071397
            ],
            [
              135.5349298,
              34.807107
            ]
          ],
          [
            [
              135.5281426,
              34.80697
            ],
            [
              135.5275825,
              34.8069853
            ],
            [
              135.5272653,
              34.8069952
            ],
            [
              135.5269374,
              34.8070006
            ],
            [
              135.5267248,
              34.8070034
            ],
            [
              135.5265022,
              34.8070067
            ],
            [
              135.5261206,
              34.8070111
            ],
            [
              135.5258457,
              34.8070117
            ],
            [
              135.5255225,
              34.8070117
            ],
            [
              135.5249727,
              34.8070056
            ],
            [
              135.5247507,
              34.8069996
            ],
            [
              135.5244268,
              34.8069902
            ],
            [
              135.5242096,
              34.8069803
            ],
            [
              135.5238866,
              34.8069634
            ],
            [
              135.5233996,
              34.8069274
            ],
            [
              135.5229087,
              34.8068803
            ],
            [
              135.5219748,
              34.8067573
            ],
            [
              135.521355,
              34.8066444
            ],
            [
              135.5211948,
              34.8066136
            ],
            [
              135.5210292,
              34.8065789
            ],
            [
              135.5206714,
              34.8065008
            ]
          ],
          [
            [
              135.5162565,
              34.8057387
            ],
            [
              135.5161395,
              34.8057388
            ],
            [
              135.5153894,
              34.8057497
            ],
            [
              135.5147531,
              34.8057734
            ],
            [
              135.5142492,
              34.8058158
            ],
            [
              135.5136825,
              34.8058496
            ],
            [
              135.5131385,
              34.8059079
            ],
            [
              135.5118398,
              34.8060452
            ],
            [
              135.5107437,
              34.8061669
            ],
            [
              135.5085611,
              34.806402
            ],
            [
              135.5084087,
              34.8064227
            ],
            [
              135.5073039,
              34.8065448
            ]
          ],
          [
            [
              135.5197703,
              34.8051783
            ],
            [
              135.5194913,
              34.805273
            ],
            [
              135.5185957,
              34.8055956
            ],
            [
              135.5184705,
              34.8056146
            ],
            [
              135.5181382,
              34.8056022
            ],
            [
              135.517773,
              34.8055719
            ],
            [
              135.517665,
              34.8055637
            ],
            [
              135.5175705,
              34.8055598
            ],
            [
              135.5173337,
              34.8055564
            ],
            [
              135.5170782,
              34.8055596
            ]
          ],
          [
            [
              135.5197703,
              34.8051783
            ],
            [
              135.5198567,
              34.8051324
            ],
            [
              135.5199252,
              34.8050847
            ],
            [
              135.5200446,
              34.8049995
            ],
            [
              135.5201596,
              34.8049037
            ],
            [
              135.520189,
              34.8048743
            ],
            [
              135.5202071,
              34.8048523
            ],
            [
              135.520246,
              34.8048107
            ],
            [
              135.5203083,
              34.8047449
            ],
            [
              135.5203586,
              34.8047031
            ],
            [
              135.5204346,
              34.8047047
            ]
          ],
          [
            [
              135.5170782,
              34.8055596
            ],
            [
              135.5170012,
              34.8055634
            ],
            [
              135.5167445,
              34.8055544
            ]
          ],
          [
            [
              135.5091936,
              34.8061303
            ],
            [
              135.5114651,
              34.8058986
            ],
            [
              135.5116786,
              34.8058801
            ],
            [
              135.5118562,
              34.8058596
            ]
          ],
          [
            [
              135.5091936,
              34.8061303
            ],
            [
              135.5086044,
              34.8061938
            ],
            [
              135.5085931,
              34.806195
            ],
            [
              135.5085294,
              34.8062001
            ],
            [
              135.5084865,
              34.8061982
            ]
          ],
          [
            [
              135.5217777,
              34.8021097
            ],
            [
              135.5216129,
              34.8022434
            ],
            [
              135.5214165,
              34.8024389
            ],
            [
              135.5212999,
              34.8025951
            ],
            [
              135.5212053,
              34.8027488
            ],
            [
              135.5211684,
              34.8028097
            ]
          ],
          [
            [
              135.5217777,
              34.8021097
            ],
            [
              135.5226717,
              34.8015803
            ],
            [
              135.5227989,
              34.8015044
            ],
            [
              135.5229401,
              34.8014209
            ]
          ],
          [
            [
              135.5331099,
              34.7930705
            ],
            [
              135.5330141,
              34.7930852
            ],
            [
              135.5328336,
              34.7931129
            ],
            [
              135.5325746,
              34.7931732
            ]
          ],
          [
            [
              135.5331099,
              34.7930705
            ],
            [
              135.5331987,
              34.7930772
            ],
            [
              135.5334905,
              34.7930861
            ],
            [
              135.5337355,
              34.7931393
            ],
            [
              135.534022,
              34.7932145
            ]
          ],
          [
            [
              135.5352986,
              34.7934051
            ],
            [
              135.5355071,
              34.7933915
            ]
          ],
          [
            [
              135.5352986,
              34.7934051
            ],
            [
              135.5350026,
              34.7934222
            ],
            [
              135.5347836,
              34.7934037
            ],
            [
              135.534518,
              34.7933436
            ],
            [
              135.5343149,
              34.7932895
            ]
          ],
          [
            [
              135.5241471,
              34.8066493
            ],
            [
              135.5239452,
              34.8066304
            ],
            [
              135.523881,
              34.8066285
            ],
            [
              135.5236959,
              34.806629
            ],
            [
              135.5236269,
              34.806629
            ],
            [
              135.5235592,
              34.8066263
            ],
            [
              135.5235027,
              34.8066231
            ]
          ],
          [
            [
              135.5260284,
              34.8073619
            ],
            [
              135.5265552,
              34.8073602
            ],
            [
              135.5268194,
              34.8073587
            ],
            [
              135.5272754,
              34.8073541
            ],
            [
              135.5275469,
              34.8073503
            ],
            [
              135.5277354,
              34.8073492
            ],
            [
              135.5283342,
              34.8073552
            ],
            [
              135.5286643,
              34.8073664
            ],
            [
              135.528829,
              34.8073712
            ],
            [
              135.5289911,
              34.8073813
            ],
            [
              135.5291516,
              34.8073916
            ],
            [
              135.5293168,
              34.8074057
            ],
            [
              135.5295338,
              34.8074235
            ],
            [
              135.5297497,
              34.8074391
            ],
            [
              135.5299629,
              34.8074632
            ],
            [
              135.5301571,
              34.8074862
            ],
            [
              135.5306088,
              34.8075344
            ],
            [
              135.5311384,
              34.8076183
            ],
            [
              135.531373,
              34.8076516
            ],
            [
              135.5315832,
              34.8076769
            ],
            [
              135.5320826,
              34.8077314
            ],
            [
              135.5323242,
              34.8077477
            ],
            [
              135.5325498,
              34.8077595
            ],
            [
              135.5330499,
              34.8077658
            ],
            [
              135.5332433,
              34.8077654
            ],
            [
              135.533839,
              34.8077517
            ]
          ],
          [
            [
              135.541147,
              34.8081589
            ],
            [
              135.5434612,
              34.8083841
            ],
            [
              135.5436406,
              34.8084047
            ],
            [
              135.5438281,
              34.8084341
            ],
            [
              135.5440506,
              34.8084838
            ],
            [
              135.5442707,
              34.8085501
            ],
            [
              135.5444271,
              34.8086196
            ],
            [
              135.544636,
              34.8087167
            ],
            [
              135.5448773,
              34.8088457
            ],
            [
              135.5450623,
              34.8089465
            ],
            [
              135.5452125,
              34.8090233
            ],
            [
              135.5453452,
              34.8090847
            ],
            [
              135.5454631,
              34.8091296
            ],
            [
              135.5455676,
              34.8091624
            ],
            [
              135.5456682,
              34.8091864
            ],
            [
              135.5457769,
              34.8092105
            ],
            [
              135.5458816,
              34.8092211
            ],
            [
              135.5459888,
              34.8092266
            ],
            [
              135.5461067,
              34.8092255
            ],
            [
              135.5462165,
              34.8092211
            ]
          ],
          [
            [
              135.529138,
              34.7949286
            ],
            [
              135.52901,
              34.7949984
            ],
            [
              135.5287103,
              34.7951545
            ],
            [
              135.528457,
              34.7952945
            ],
            [
              135.5282986,
              34.7953854
            ],
            [
              135.5280964,
              34.7955432
            ]
          ],
          [
            [
              135.529138,
              34.7949286
            ],
            [
              135.5293051,
              34.7948392
            ],
            [
              135.5306901,
              34.7941189
            ]
          ],
          [
            [
              135.5358802,
              34.793383
            ],
            [
              135.5359903,
              34.7933897
            ]
          ],
          [
            [
              135.5148244,
              34.8055613
            ],
            [
              135.5149156,
              34.8055571
            ]
          ],
          [
            [
              135.5148244,
              34.8055613
            ],
            [
              135.514721,
              34.8055661
            ],
            [
              135.5146506,
              34.8055912
            ]
          ],
          [
            [
              135.5204346,
              34.8047047
            ],
            [
              135.5204545,
              34.8045831
            ],
            [
              135.5204951,
              34.8044375
            ],
            [
              135.5205463,
              34.8042302
            ],
            [
              135.5206134,
              34.8040499
            ]
          ],
          [
            [
              135.506595,
              34.8053641
            ],
            [
              135.5065356,
              34.8053493
            ],
            [
              135.5064617,
              34.8053365
            ],
            [
              135.506382,
              34.80533
            ],
            [
              135.5062837,
              34.8053269
            ],
            [
              135.5056356,
              34.8053209
            ],
            [
              135.5054576,
              34.8053168
            ]
          ],
          [
            [
              135.506595,
              34.8053641
            ],
            [
              135.5066706,
              34.8053836
            ],
            [
              135.5068104,
              34.8054469
            ],
            [
              135.5074782,
              34.8057492
            ]
          ],
          [
            [
              135.5084865,
              34.8061982
            ],
            [
              135.5084483,
              34.8061897
            ],
            [
              135.5084049,
              34.8061721
            ],
            [
              135.5076972,
              34.805844
            ],
            [
              135.5074782,
              34.8057492
            ]
          ],
          [
            [
              135.5054576,
              34.8053168
            ],
            [
              135.5052986,
              34.8053045
            ],
            [
              135.5050915,
              34.8052884
            ],
            [
              135.5046417,
              34.8052088
            ]
          ],
          [
            [
              135.5441183,
              34.8068189
            ],
            [
              135.5439452,
              34.8068863
            ],
            [
              135.5435895,
              34.8070417
            ],
            [
              135.5431233,
              34.8072412
            ],
            [
              135.5430238,
              34.8072731
            ],
            [
              135.5428748,
              34.8073204
            ],
            [
              135.5427296,
              34.8073625
            ],
            [
              135.5426005,
              34.8073969
            ],
            [
              135.542456,
              34.8074291
            ],
            [
              135.5423128,
              34.8074557
            ],
            [
              135.5421658,
              34.8074771
            ],
            [
              135.542014,
              34.8074906
            ],
            [
              135.5418609,
              34.8074975
            ],
            [
              135.5417105,
              34.8074996
            ],
            [
              135.5415802,
              34.8075005
            ],
            [
              135.5414515,
              34.8074977
            ],
            [
              135.5412537,
              34.8074936
            ],
            [
              135.5410489,
              34.8074838
            ],
            [
              135.5408749,
              34.8074752
            ]
          ],
          [
            [
              135.5265444,
              34.7970484
            ],
            [
              135.5263701,
              34.7972896
            ],
            [
              135.5262218,
              34.7975231
            ]
          ],
          [
            [
              135.5265444,
              34.7970484
            ],
            [
              135.5268744,
              34.7966828
            ],
            [
              135.5276385,
              34.795953
            ]
          ],
          [
            [
              135.5252145,
              34.7994598
            ],
            [
              135.5249795,
              34.7998821
            ]
          ],
          [
            [
              135.5252145,
              34.7994598
            ],
            [
              135.5253755,
              34.7991401
            ],
            [
              135.5254236,
              34.7990464
            ],
            [
              135.5255157,
              34.7988671
            ],
            [
              135.5255775,
              34.7987483
            ],
            [
              135.5256445,
              34.798622
            ],
            [
              135.5256954,
              34.7985211
            ],
            [
              135.5257798,
              34.7983509
            ],
            [
              135.5259068,
              34.7980974
            ],
            [
              135.5259634,
              34.7979896
            ]
          ],
          [
            [
              135.5249795,
              34.7998821
            ],
            [
              135.5248702,
              34.8000337
            ],
            [
              135.524828,
              34.8000847
            ]
          ],
          [
            [
              135.5308663,
              34.7940319
            ],
            [
              135.5307907,
              34.7940662
            ],
            [
              135.5306901,
              34.7941189
            ]
          ],
          [
            [
              135.5308663,
              34.7940319
            ],
            [
              135.5309669,
              34.793986
            ],
            [
              135.5321038,
              34.793399
            ]
          ],
          [
            [
              135.5259634,
              34.7979896
            ],
            [
              135.5260187,
              34.797892
            ],
            [
              135.526171,
              34.7976081
            ],
            [
              135.5262218,
              34.7975231
            ]
          ],
          [
            [
              135.524828,
              34.8000847
            ],
            [
              135.5247758,
              34.8001444
            ],
            [
              135.5246868,
              34.8002397
            ],
            [
              135.5244718,
              34.8004472
            ]
          ],
          [
            [
              135.5211684,
              34.8028097
            ],
            [
              135.521131,
              34.8028914
            ],
            [
              135.5208591,
              34.8035045
            ],
            [
              135.520812,
              34.8036112
            ]
          ],
          [
            [
              135.5198374,
              34.8061742
            ],
            [
              135.5197369,
              34.8061527
            ],
            [
              135.519713,
              34.8061473
            ],
            [
              135.5193295,
              34.8060717
            ],
            [
              135.518819,
              34.8059551
            ],
            [
              135.5185635,
              34.8059028
            ],
            [
              135.5183086,
              34.8058576
            ],
            [
              135.5179949,
              34.8058081
            ],
            [
              135.517836,
              34.8057855
            ],
            [
              135.5176834,
              34.8057669
            ],
            [
              135.5174223,
              34.8057371
            ],
            [
              135.5172975,
              34.8057233
            ],
            [
              135.5171683,
              34.8057158
            ],
            [
              135.5167021,
              34.8057211
            ],
            [
              135.5162565,
              34.8057387
            ]
          ],
          [
            [
              135.5205134,
              34.8063324
            ],
            [
              135.5202258,
              34.8062623
            ],
            [
              135.5199627,
              34.8062055
            ],
            [
              135.5198374,
              34.8061742
            ]
          ],
          [
            [
              135.5203582,
              34.8067967
            ],
            [
              135.5206389,
              34.8068608
            ],
            [
              135.5208562,
              34.8069076
            ],
            [
              135.5211217,
              34.8069627
            ],
            [
              135.5213336,
              34.8070042
            ],
            [
              135.5218171,
              34.8070888
            ],
            [
              135.5222438,
              34.8071536
            ],
            [
              135.5226204,
              34.8072033
            ],
            [
              135.5229483,
              34.8072418
            ],
            [
              135.5233925,
              34.8072864
            ],
            [
              135.5235457,
              34.8072985
            ],
            [
              135.523704,
              34.8073117
            ],
            [
              135.5239246,
              34.8073244
            ],
            [
              135.5240778,
              34.8073305
            ],
            [
              135.524494,
              34.8073487
            ],
            [
              135.5248526,
              34.8073584
            ],
            [
              135.5251323,
              34.8073652
            ],
            [
              135.5254588,
              34.8073685
            ],
            [
              135.5257713,
              34.8073679
            ],
            [
              135.5260284,
              34.8073619
            ]
          ],
          [
            [
              135.5349298,
              34.807107
            ],
            [
              135.5334356,
              34.8069463
            ],
            [
              135.532208,
              34.8068813
            ],
            [
              135.5315803,
              34.8068685
            ],
            [
              135.5310452,
              34.8068641
            ],
            [
              135.5307662,
              34.8068685
            ],
            [
              135.530207,
              34.8068795
            ],
            [
              135.52958,
              34.8068988
            ],
            [
              135.5292413,
              34.8069143
            ],
            [
              135.5289665,
              34.8069324
            ],
            [
              135.5286989,
              34.8069473
            ],
            [
              135.5284803,
              34.8069566
            ],
            [
              135.5281426,
              34.80697
            ]
          ],
          [
            [
              135.5146506,
              34.8055912
            ],
            [
              135.5129612,
              34.8057561
            ]
          ],
          [
            [
              135.5129612,
              34.8057561
            ],
            [
              135.5125074,
              34.8058015
            ],
            [
              135.5118562,
              34.8058596
            ]
          ],
          [
            [
              135.5228654,
              34.8065974
            ],
            [
              135.5227692,
              34.8065949
            ],
            [
              135.5224534,
              34.8065905
            ],
            [
              135.5223012,
              34.8065877
            ],
            [
              135.5221138,
              34.8065815
            ],
            [
              135.5219867,
              34.8065767
            ],
            [
              135.5218821,
              34.8065712
            ],
            [
              135.5217225,
              34.8065558
            ],
            [
              135.521581,
              34.8065422
            ],
            [
              135.5214764,
              34.8065305
            ],
            [
              135.5213423,
              34.8065112
            ],
            [
              135.5212451,
              34.8064958
            ],
            [
              135.5211176,
              34.8064734
            ],
            [
              135.5210057,
              34.8064495
            ],
            [
              135.5208696,
              34.8064176
            ],
            [
              135.5206288,
              34.8063609
            ],
            [
              135.5205134,
              34.8063324
            ]
          ],
          [
            [
              135.533839,
              34.8077517
            ],
            [
              135.5346636,
              34.8077211
            ]
          ],
          [
            [
              135.5235027,
              34.8066231
            ],
            [
              135.5233848,
              34.8066175
            ],
            [
              135.5232585,
              34.8066126
            ],
            [
              135.5229805,
              34.8066004
            ],
            [
              135.5228654,
              34.8065974
            ]
          ],
          [
            [
              135.5206714,
              34.8065008
            ],
            [
              135.5205061,
              34.8064622
            ],
            [
              135.5203989,
              34.8064373
            ],
            [
              135.5192189,
              34.8061397
            ],
            [
              135.5186857,
              34.8060236
            ],
            [
              135.518239,
              34.8059381
            ],
            [
              135.517856,
              34.8058777
            ],
            [
              135.5174841,
              34.805827
            ],
            [
              135.5171607,
              34.8057938
            ],
            [
              135.5167651,
              34.8057619
            ],
            [
              135.5164929,
              34.8057476
            ],
            [
              135.5162565,
              34.8057387
            ]
          ],
          [
            [
              135.5206134,
              34.8040499
            ],
            [
              135.5206519,
              34.8039654
            ],
            [
              135.5207683,
              34.8037098
            ],
            [
              135.520812,
              34.8036112
            ]
          ],
          [
            [
              135.5359979,
              34.7932689
            ],
            [
              135.5358883,
              34.7932822
            ]
          ],
          [
            [
              135.5358883,
              34.7932822
            ],
            [
              135.5357281,
              34.7933128
            ],
            [
              135.5356255,
              34.7933349
            ],
            [
              135.5352986,
              34.7934051
            ]
          ],
          [
            [
              135.5280964,
              34.7955432
            ],
            [
              135.5276385,
              34.795953
            ]
          ],
          [
            [
              135.5229401,
              34.8014209
            ],
            [
              135.5230286,
              34.8013665
            ],
            [
              135.5233773,
              34.8011569
            ]
          ],
          [
            [
              135.5167445,
              34.8055544
            ],
            [
              135.5162298,
              34.805538
            ]
          ],
          [
            [
              135.5325746,
              34.7931732
            ],
            [
              135.5321038,
              34.793399
            ]
          ],
          [
            [
              135.5149156,
              34.8055571
            ],
            [
              135.5149961,
              34.805539
            ],
            [
              135.5152832,
              34.8055344
            ],
            [
              135.5154291,
              34.8055511
            ],
            [
              135.515544,
              34.8055477
            ],
            [
              135.5155618,
              34.8055472
            ]
          ],
          [
            [
              135.5167142,
              34.806113
            ],
            [
              135.5173408,
              34.8061658
            ],
            [
              135.5177525,
              34.8062234
            ],
            [
              135.5179761,
              34.8062574
            ],
            [
              135.5183139,
              34.8063109
            ],
            [
              135.5187478,
              34.8063968
            ],
            [
              135.5201837,
              34.8067513
            ],
            [
              135.5203582,
              34.8067967
            ]
          ],
          [
            [
              135.5355071,
              34.7933915
            ],
            [
              135.5357343,
              34.7933877
            ],
            [
              135.5358802,
              34.793383
            ]
          ],
          [
            [
              135.5408552,
              34.8081351
            ],
            [
              135.541147,
              34.8081589
            ]
          ],
          [
            [
              135.5162298,
              34.805538
            ],
            [
              135.5161113,
              34.8055299
            ],
            [
              135.5158639,
              34.8055306
            ],
            [
              135.5156782,
              34.8055356
            ],
            [
              135.5155618,
              34.8055472
            ]
          ],
          [
            [
              135.5343149,
              34.7932895
            ],
            [
              135.534022,
              34.7932145
            ]
          ],
          [
            [
              135.5476443,
              34.8086675
            ],
            [
              135.5477782,
              34.8086137
            ],
            [
              135.5479403,
              34.8085565
            ],
            [
              135.5481171,
              34.8085083
            ],
            [
              135.5483094,
              34.8084682
            ],
            [
              135.5485327,
              34.8084325
            ],
            [
              135.5487255,
              34.8084096
            ],
            [
              135.548917,
              34.8083954
            ],
            [
              135.5491393,
              34.808389
            ],
            [
              135.5493625,
              34.8083841
            ],
            [
              135.5496151,
              34.8083858
            ]
          ],
          [
            [
              135.5235402,
              34.8010683
            ],
            [
              135.5233773,
              34.8011569
            ]
          ],
          [
            [
              135.5235402,
              34.8010683
            ],
            [
              135.5240463,
              34.8007656
            ],
            [
              135.5242827,
              34.8006027
            ],
            [
              135.5244718,
              34.8004472
            ]
          ],
          [
            [
              135.5346636,
              34.8077211
            ],
            [
              135.5350431,
              34.8077133
            ],
            [
              135.5354225,
              34.8077187
            ],
            [
              135.5357603,
              34.8077273
            ],
            [
              135.5360845,
              34.8077434
            ]
          ],
          [
            [
              135.5155618,
              34.8055472
            ],
            [
              135.5156532,
              34.8055607
            ],
            [
              135.5157137,
              34.8055802
            ],
            [
              135.5158022,
              34.8056077
            ],
            [
              135.5159611,
              34.8056193
            ],
            [
              135.5161116,
              34.8056167
            ],
            [
              135.5161536,
              34.8056154
            ],
            [
              135.5162061,
              34.8056096
            ],
            [
              135.5162502,
              34.8056068
            ],
            [
              135.5163152,
              34.8056011
            ]
          ],
          [
            [
              135.5163152,
              34.8056011
            ],
            [
              135.5164433,
              34.8055895
            ],
            [
              135.5167445,
              34.8055544
            ]
          ]
        ]
      }
    },
    {
      "type": "Feature",
      "properties": {
        "name": "茨木摂津線",
        "category": "広域緊急交通路",
        "geometry_quality": "osm_name_match",
        "geometry_source": "OpenStreetMap road geometry matched by official route name"
      },
      "geometry": {
        "type": "MultiLineString",
        "coordinates": [
          [
            [
              135.5392901,
              34.7896453
            ],
            [
              135.539192,
              34.7897456
            ],
            [
              135.5386951,
              34.7902515
            ]
          ],
          [
            [
              135.5298678,
              34.8160231
            ],
            [
              135.531477,
              34.8154538
            ],
            [
              135.5319759,
              34.8152804
            ],
            [
              135.5325183,
              34.8151005
            ],
            [
              135.5330086,
              34.8149479
            ],
            [
              135.5335625,
              34.8147904
            ],
            [
              135.5360657,
              34.8141143
            ]
          ],
          [
            [
              135.5386092,
              34.8130299
            ],
            [
              135.538654,
              34.8129679
            ],
            [
              135.5388052,
              34.8128027
            ],
            [
              135.5388687,
              34.8127528
            ]
          ],
          [
            [
              135.539242,
              34.8101287
            ],
            [
              135.5392051,
              34.81002
            ],
            [
              135.539175,
              34.8098708
            ],
            [
              135.5390858,
              34.8092998
            ],
            [
              135.5389245,
              34.8083935
            ]
          ],
          [
            [
              135.5382825,
              34.8052145
            ],
            [
              135.538196,
              34.8050433
            ],
            [
              135.5381309,
              34.8049327
            ],
            [
              135.5380333,
              34.8047921
            ],
            [
              135.5376867,
              34.8044259
            ],
            [
              135.5372506,
              34.8040772
            ],
            [
              135.5368704,
              34.803836
            ],
            [
              135.536262,
              34.8035152
            ],
            [
              135.5362058,
              34.8034829
            ],
            [
              135.5360059,
              34.8033699
            ],
            [
              135.5356151,
              34.8031647
            ],
            [
              135.535334,
              34.8030408
            ],
            [
              135.5350088,
              34.8029421
            ],
            [
              135.534727,
              34.8028755
            ],
            [
              135.5345887,
              34.8028529
            ],
            [
              135.5341995,
              34.802836
            ],
            [
              135.5338081,
              34.8028392
            ],
            [
              135.5333914,
              34.8028837
            ],
            [
              135.532546,
              34.8030702
            ]
          ],
          [
            [
              135.532546,
              34.8030702
            ],
            [
              135.5305663,
              34.8035151
            ]
          ],
          [
            [
              135.532546,
              34.8030702
            ],
            [
              135.5322953,
              34.8030771
            ],
            [
              135.532215,
              34.8030688
            ],
            [
              135.5321617,
              34.8030434
            ],
            [
              135.5320708,
              34.8029705
            ],
            [
              135.5319692,
              34.8028511
            ],
            [
              135.5319488,
              34.8027089
            ],
            [
              135.5319946,
              34.8025833
            ],
            [
              135.5320859,
              34.8024952
            ],
            [
              135.5322086,
              34.8024285
            ],
            [
              135.534259,
              34.8016124
            ],
            [
              135.5343638,
              34.8015717
            ]
          ],
          [
            [
              135.5241471,
              34.8066493
            ],
            [
              135.5240809,
              34.8067034
            ],
            [
              135.5239956,
              34.8067732
            ],
            [
              135.5238596,
              34.8068644
            ],
            [
              135.5234215,
              34.8071751
            ]
          ],
          [
            [
              135.5241471,
              34.8066493
            ],
            [
              135.5240654,
              34.8066736
            ],
            [
              135.5239937,
              34.806716
            ],
            [
              135.5238428,
              34.8068096
            ],
            [
              135.5237664,
              34.8068579
            ],
            [
              135.5230574,
              34.807357
            ],
            [
              135.5226183,
              34.8076785
            ],
            [
              135.5223186,
              34.8079108
            ],
            [
              135.52221,
              34.8079845
            ],
            [
              135.5221831,
              34.808023
            ]
          ],
          [
            [
              135.5234215,
              34.8071751
            ],
            [
              135.5233721,
              34.8071939
            ],
            [
              135.5232587,
              34.8072699
            ],
            [
              135.5231256,
              34.8073627
            ],
            [
              135.5230247,
              34.8074378
            ],
            [
              135.5226438,
              34.8077115
            ],
            [
              135.5223408,
              34.8079389
            ],
            [
              135.5222272,
              34.8080088
            ],
            [
              135.5221831,
              34.808023
            ]
          ],
          [
            [
              135.5204382,
              34.8106232
            ],
            [
              135.5205603,
              34.8112303
            ]
          ],
          [
            [
              135.5205603,
              34.8112303
            ],
            [
              135.5207693,
              34.8116661
            ],
            [
              135.5211648,
              34.8121856
            ]
          ],
          [
            [
              135.5253758,
              34.8159932
            ],
            [
              135.5257704,
              34.8162353
            ],
            [
              135.5261722,
              34.8164053
            ]
          ],
          [
            [
              135.5388687,
              34.8127528
            ],
            [
              135.5390275,
              34.8125343
            ],
            [
              135.5391187,
              34.8123809
            ]
          ],
          [
            [
              135.5355366,
              34.7985539
            ],
            [
              135.5355525,
              34.7984271
            ],
            [
              135.5355907,
              34.7979292
            ],
            [
              135.5356382,
              34.7973761
            ]
          ],
          [
            [
              135.5358802,
              34.793383
            ],
            [
              135.5358723,
              34.793501
            ],
            [
              135.5358533,
              34.7936746
            ],
            [
              135.5357835,
              34.7944804
            ],
            [
              135.5357799,
              34.7945121
            ]
          ],
          [
            [
              135.5305663,
              34.8035151
            ],
            [
              135.5297605,
              34.8037097
            ],
            [
              135.5291332,
              34.8038758
            ],
            [
              135.5286785,
              34.8040328
            ],
            [
              135.5285092,
              34.8040909
            ]
          ],
          [
            [
              135.5354341,
              34.7985894
            ],
            [
              135.5354143,
              34.7987324
            ],
            [
              135.5353806,
              34.7990807
            ],
            [
              135.5352714,
              34.800526
            ],
            [
              135.5352165,
              34.8006925
            ],
            [
              135.535118,
              34.8008979
            ],
            [
              135.5349706,
              34.8011012
            ],
            [
              135.5347675,
              34.8012823
            ],
            [
              135.5346035,
              34.8013959
            ],
            [
              135.5344019,
              34.801487
            ],
            [
              135.534327,
              34.8015149
            ]
          ],
          [
            [
              135.5211648,
              34.8121856
            ],
            [
              135.5220014,
              34.8129437
            ],
            [
              135.5226938,
              34.8135684
            ],
            [
              135.5236233,
              34.8144248
            ],
            [
              135.524227,
              34.81496
            ],
            [
              135.5247882,
              34.8154821
            ],
            [
              135.5251376,
              34.8157868
            ],
            [
              135.5253758,
              34.8159932
            ]
          ],
          [
            [
              135.5208541,
              34.8091797
            ],
            [
              135.5206755,
              34.8094751
            ],
            [
              135.5205344,
              34.8098418
            ],
            [
              135.5204525,
              34.8101952
            ],
            [
              135.5204382,
              34.8106232
            ]
          ],
          [
            [
              135.5391187,
              34.8123809
            ],
            [
              135.5392195,
              34.8121675
            ],
            [
              135.5393359,
              34.8118478
            ],
            [
              135.5394063,
              34.8114741
            ],
            [
              135.5394123,
              34.8110842
            ],
            [
              135.5394074,
              34.8109821
            ]
          ],
          [
            [
              135.53576,
              34.7947716
            ],
            [
              135.5357499,
              34.794906
            ],
            [
              135.5357199,
              34.795227
            ],
            [
              135.5357064,
              34.7953675
            ]
          ],
          [
            [
              135.534327,
              34.8015149
            ],
            [
              135.5342269,
              34.8015498
            ],
            [
              135.5321475,
              34.8023616
            ],
            [
              135.5319331,
              34.8024924
            ],
            [
              135.5309201,
              34.8033131
            ],
            [
              135.5308901,
              34.8033422
            ],
            [
              135.5307045,
              34.803436
            ]
          ],
          [
            [
              135.5307045,
              34.803436
            ],
            [
              135.5305663,
              34.8035151
            ]
          ],
          [
            [
              135.5382569,
              34.7906924
            ],
            [
              135.5381738,
              34.7907736
            ],
            [
              135.5380285,
              34.7909158
            ]
          ],
          [
            [
              135.5358642,
              34.7946833
            ],
            [
              135.5358843,
              34.7944935
            ],
            [
              135.5359628,
              34.7936894
            ],
            [
              135.5359821,
              34.7935079
            ],
            [
              135.5359903,
              34.7933897
            ]
          ],
          [
            [
              135.5355214,
              34.7973658
            ],
            [
              135.5354526,
              34.7984563
            ],
            [
              135.5354341,
              34.7985894
            ]
          ],
          [
            [
              135.5356382,
              34.7973761
            ],
            [
              135.5356984,
              34.7966557
            ]
          ],
          [
            [
              135.5386951,
              34.7902515
            ],
            [
              135.5383554,
              34.7905918
            ],
            [
              135.5382569,
              34.7906924
            ]
          ],
          [
            [
              135.5370914,
              34.791978
            ],
            [
              135.5382513,
              34.7908234
            ],
            [
              135.5383328,
              34.7907411
            ]
          ],
          [
            [
              135.5218192,
              34.8082783
            ],
            [
              135.5214289,
              34.808558
            ],
            [
              135.5212064,
              34.8087551
            ],
            [
              135.5210677,
              34.8088962
            ],
            [
              135.5208541,
              34.8091797
            ]
          ],
          [
            [
              135.5389245,
              34.8083935
            ],
            [
              135.5388433,
              34.8080117
            ],
            [
              135.5387128,
              34.8072904
            ],
            [
              135.5386876,
              34.8071431
            ]
          ],
          [
            [
              135.5379553,
              34.813501
            ],
            [
              135.5380391,
              34.8134546
            ],
            [
              135.5382751,
              34.8133007
            ],
            [
              135.5384213,
              34.8131903
            ],
            [
              135.5386092,
              34.8130299
            ]
          ],
          [
            [
              135.5394074,
              34.8109821
            ],
            [
              135.539242,
              34.8101287
            ]
          ],
          [
            [
              135.5360657,
              34.8141143
            ],
            [
              135.5371626,
              34.8138165
            ],
            [
              135.537366,
              34.8137542
            ],
            [
              135.5375428,
              34.8136916
            ],
            [
              135.5376669,
              34.8136409
            ],
            [
              135.5379553,
              34.813501
            ]
          ],
          [
            [
              135.5383328,
              34.7907411
            ],
            [
              135.5384351,
              34.7906414
            ],
            [
              135.539275,
              34.7897967
            ],
            [
              135.5393718,
              34.7896984
            ]
          ],
          [
            [
              135.5370101,
              34.7919258
            ],
            [
              135.5369132,
              34.7920223
            ],
            [
              135.5360498,
              34.7929013
            ]
          ],
          [
            [
              135.5359979,
              34.7932689
            ],
            [
              135.5360405,
              34.7930929
            ],
            [
              135.5361325,
              34.7929357
            ],
            [
              135.5368046,
              34.7922645
            ]
          ],
          [
            [
              135.5358883,
              34.7932822
            ],
            [
              135.5358802,
              34.793383
            ]
          ],
          [
            [
              135.5359903,
              34.7933897
            ],
            [
              135.5359979,
              34.7932689
            ]
          ],
          [
            [
              135.5360498,
              34.7929013
            ],
            [
              135.5359535,
              34.7930725
            ],
            [
              135.5358883,
              34.7932822
            ]
          ],
          [
            [
              135.5285092,
              34.8040909
            ],
            [
              135.5278319,
              34.8043567
            ],
            [
              135.5274077,
              34.8045491
            ],
            [
              135.5268147,
              34.8048644
            ],
            [
              135.5262327,
              34.8052069
            ],
            [
              135.5261148,
              34.8052861
            ]
          ],
          [
            [
              135.5343638,
              34.8015717
            ],
            [
              135.5344371,
              34.8015485
            ],
            [
              135.5346513,
              34.8014613
            ],
            [
              135.5348267,
              34.8013422
            ],
            [
              135.5350472,
              34.8011452
            ],
            [
              135.5352183,
              34.8009271
            ],
            [
              135.5353124,
              34.8007193
            ],
            [
              135.5353653,
              34.8005376
            ],
            [
              135.5355192,
              34.7986922
            ],
            [
              135.5355366,
              34.7985539
            ]
          ],
          [
            [
              135.5357116,
              34.7964977
            ],
            [
              135.5358308,
              34.7951709
            ],
            [
              135.5358472,
              34.7948708
            ],
            [
              135.5358642,
              34.7946833
            ]
          ],
          [
            [
              135.5355845,
              34.7966513
            ],
            [
              135.5355214,
              34.7973658
            ]
          ],
          [
            [
              135.5357064,
              34.7953675
            ],
            [
              135.5355845,
              34.7966513
            ]
          ],
          [
            [
              135.5261722,
              34.8164053
            ],
            [
              135.5263768,
              34.8164727
            ],
            [
              135.5267763,
              34.8165734
            ],
            [
              135.5272973,
              34.8166328
            ],
            [
              135.527665,
              34.816628
            ],
            [
              135.5277655,
              34.816633
            ],
            [
              135.5278601,
              34.8166253
            ],
            [
              135.5279727,
              34.8166148
            ],
            [
              135.5281256,
              34.8165917
            ],
            [
              135.5282671,
              34.8165675
            ],
            [
              135.5283978,
              34.8165377
            ],
            [
              135.5285567,
              34.8164942
            ],
            [
              135.528656,
              34.8164651
            ],
            [
              135.5287136,
              34.8164469
            ],
            [
              135.5289309,
              34.8163693
            ],
            [
              135.5293273,
              34.81623
            ]
          ],
          [
            [
              135.5368046,
              34.7922645
            ],
            [
              135.5369934,
              34.7920759
            ],
            [
              135.5370914,
              34.791978
            ]
          ],
          [
            [
              135.5261148,
              34.8052861
            ],
            [
              135.5259495,
              34.805395
            ],
            [
              135.5249759,
              34.8060762
            ],
            [
              135.5245694,
              34.8063331
            ],
            [
              135.5242625,
              34.8065553
            ],
            [
              135.5241842,
              34.8066189
            ],
            [
              135.5241471,
              34.8066493
            ]
          ],
          [
            [
              135.5356984,
              34.7966557
            ],
            [
              135.5357116,
              34.7964977
            ]
          ],
          [
            [
              135.5380285,
              34.7909158
            ],
            [
              135.5370101,
              34.7919258
            ]
          ],
          [
            [
              135.5357799,
              34.7945121
            ],
            [
              135.53576,
              34.7947716
            ]
          ],
          [
            [
              135.5221831,
              34.808023
            ],
            [
              135.5218192,
              34.8082783
            ]
          ],
          [
            [
              135.5293273,
              34.81623
            ],
            [
              135.5293746,
              34.8161968
            ],
            [
              135.5294097,
              34.8161717
            ],
            [
              135.5296406,
              34.8160887
            ],
            [
              135.5297604,
              34.8160456
            ],
            [
              135.5298678,
              34.8160231
            ]
          ],
          [
            [
              135.5386876,
              34.8071431
            ],
            [
              135.5386916,
              34.8071028
            ],
            [
              135.5385809,
              34.8065272
            ],
            [
              135.5384025,
              34.8055978
            ],
            [
              135.5383892,
              34.8055489
            ],
            [
              135.5383575,
              34.8054363
            ],
            [
              135.5382912,
              34.8052796
            ],
            [
              135.5382825,
              34.8052145
            ]
          ]
        ]
      }
    },
    {
      "type": "Feature",
      "properties": {
        "name": "国道423号",
        "category": "広域緊急交通路",
        "geometry_quality": "osm_name_match",
        "geometry_source": "OpenStreetMap road geometry matched by official route name"
      },
      "geometry": {
        "type": "MultiLineString",
        "coordinates": [
          [
            [
              135.4962016,
              34.7784001
            ],
            [
              135.4963567,
              34.7788148
            ],
            [
              135.4963949,
              34.7789469
            ]
          ],
          [
            [
              135.4963949,
              34.7789469
            ],
            [
              135.4964417,
              34.7791032
            ],
            [
              135.4965215,
              34.7794029
            ],
            [
              135.4966471,
              34.779875
            ],
            [
              135.4967488,
              34.7803172
            ],
            [
              135.4968624,
              34.7810602
            ],
            [
              135.4968814,
              34.7811844
            ]
          ],
          [
            [
              135.4967767,
              34.7788268
            ],
            [
              135.496736,
              34.7786972
            ],
            [
              135.4965833,
              34.7783154
            ]
          ],
          [
            [
              135.4975658,
              34.7660661
            ],
            [
              135.4975885,
              34.7659398
            ]
          ],
          [
            [
              135.4968814,
              34.7811844
            ],
            [
              135.4969108,
              34.7815671
            ]
          ],
          [
            [
              135.4972765,
              34.7811447
            ],
            [
              135.4972357,
              34.7807982
            ],
            [
              135.4971874,
              34.7804445
            ],
            [
              135.4971542,
              34.7802581
            ],
            [
              135.4971146,
              34.7800632
            ],
            [
              135.497091,
              34.7799519
            ],
            [
              135.4969724,
              34.7794887
            ],
            [
              135.4968235,
              34.7789864
            ],
            [
              135.4967767,
              34.7788268
            ]
          ],
          [
            [
              135.4969108,
              34.7815671
            ],
            [
              135.496928,
              34.7818323
            ],
            [
              135.496964,
              34.7827626
            ],
            [
              135.4969938,
              34.7834556
            ]
          ],
          [
            [
              135.4969938,
              34.7834556
            ],
            [
              135.4969991,
              34.784038
            ],
            [
              135.4970292,
              34.7846463
            ],
            [
              135.497086,
              34.7854282
            ],
            [
              135.4970891,
              34.7855068
            ]
          ],
          [
            [
              135.4976379,
              34.7896564
            ],
            [
              135.4975899,
              34.7885269
            ]
          ],
          [
            [
              135.4974975,
              34.7860536
            ],
            [
              135.4974916,
              34.7859369
            ],
            [
              135.4974801,
              34.7856212
            ]
          ],
          [
            [
              135.497238,
              34.7896541
            ],
            [
              135.4972767,
              34.7913135
            ],
            [
              135.4972722,
              34.7915258
            ],
            [
              135.497245,
              34.7919476
            ],
            [
              135.4971545,
              34.7926897
            ],
            [
              135.4971479,
              34.7927349
            ]
          ],
          [
            [
              135.4974026,
              34.7834677
            ],
            [
              135.4974009,
              34.7834194
            ],
            [
              135.4973868,
              34.783009
            ]
          ],
          [
            [
              135.4975899,
              34.7885269
            ],
            [
              135.4975039,
              34.7862715
            ],
            [
              135.4974987,
              34.7861433
            ]
          ],
          [
            [
              135.4973135,
              34.7814518
            ],
            [
              135.4972765,
              34.7811447
            ]
          ],
          [
            [
              135.4974801,
              34.7856212
            ],
            [
              135.4974798,
              34.7854884
            ],
            [
              135.4974732,
              34.7852268
            ]
          ],
          [
            [
              135.4970891,
              34.7855068
            ],
            [
              135.4970975,
              34.7859409
            ],
            [
              135.4970989,
              34.78606
            ]
          ],
          [
            [
              135.4962484,
              34.7697688
            ],
            [
              135.496218,
              34.7698303
            ],
            [
              135.4958658,
              34.7705079
            ]
          ],
          [
            [
              135.4966275,
              34.7699039
            ],
            [
              135.4966515,
              34.7698465
            ],
            [
              135.4968916,
              34.7692228
            ],
            [
              135.4970167,
              34.7688311
            ]
          ],
          [
            [
              135.4971221,
              34.787293
            ],
            [
              135.4971659,
              34.7879264
            ]
          ],
          [
            [
              135.4971479,
              34.7927349
            ],
            [
              135.4971375,
              34.7928107
            ]
          ],
          [
            [
              135.4976203,
              34.7927831
            ],
            [
              135.4976276,
              34.7927352
            ],
            [
              135.4976459,
              34.7926066
            ],
            [
              135.4976613,
              34.7924774
            ],
            [
              135.4976764,
              34.7923251
            ],
            [
              135.4976836,
              34.7922326
            ],
            [
              135.4976923,
              34.7921014
            ],
            [
              135.497699,
              34.7919786
            ],
            [
              135.4977024,
              34.7918986
            ],
            [
              135.4977068,
              34.7917081
            ],
            [
              135.4977077,
              34.7914383
            ],
            [
              135.4977071,
              34.7913868
            ],
            [
              135.4977045,
              34.7913285
            ],
            [
              135.4977005,
              34.7912333
            ],
            [
              135.4976772,
              34.7905555
            ],
            [
              135.4976612,
              34.7903439
            ],
            [
              135.497653,
              34.7900788
            ],
            [
              135.4976379,
              34.7896564
            ]
          ],
          [
            [
              135.4966901,
              34.7513811
            ],
            [
              135.4965453,
              34.7523948
            ],
            [
              135.4965225,
              34.753043
            ],
            [
              135.496531,
              34.7535351
            ],
            [
              135.4965494,
              34.7540452
            ]
          ],
          [
            [
              135.4971228,
              34.7665891
            ],
            [
              135.4969489,
              34.7674791
            ]
          ],
          [
            [
              135.4969489,
              34.7674791
            ],
            [
              135.4968502,
              34.7679992
            ]
          ],
          [
            [
              135.4968502,
              34.7679992
            ],
            [
              135.4967833,
              34.768317
            ]
          ],
          [
            [
              135.4977451,
              34.7647758
            ],
            [
              135.4977421,
              34.7645003
            ],
            [
              135.4977308,
              34.7643064
            ],
            [
              135.4977259,
              34.7642475
            ]
          ],
          [
            [
              135.4974099,
              34.766887
            ],
            [
              135.4975416,
              34.7661941
            ]
          ],
          [
            [
              135.4967833,
              34.768317
            ],
            [
              135.4967066,
              34.7686162
            ],
            [
              135.4965828,
              34.7689889
            ],
            [
              135.4964689,
              34.769289
            ],
            [
              135.4962729,
              34.7697181
            ],
            [
              135.4962484,
              34.7697688
            ]
          ],
          [
            [
              135.4970167,
              34.7688311
            ],
            [
              135.4971174,
              34.7683552
            ],
            [
              135.4973809,
              34.767042
            ]
          ],
          [
            [
              135.497338,
              34.7647312
            ],
            [
              135.4973465,
              34.7649198
            ],
            [
              135.497313,
              34.7655934
            ],
            [
              135.4972803,
              34.7658164
            ]
          ],
          [
            [
              135.4974732,
              34.7852268
            ],
            [
              135.4974275,
              34.7840473
            ],
            [
              135.4974026,
              34.7834677
            ]
          ],
          [
            [
              135.4973868,
              34.783009
            ],
            [
              135.4973767,
              34.7827558
            ],
            [
              135.4973398,
              34.7818164
            ],
            [
              135.4973135,
              34.7814518
            ]
          ],
          [
            [
              135.4972803,
              34.7658164
            ],
            [
              135.4971569,
              34.7664219
            ]
          ],
          [
            [
              135.4970989,
              34.78606
            ],
            [
              135.4971009,
              34.7861549
            ]
          ],
          [
            [
              135.4960155,
              34.7711806
            ],
            [
              135.4962293,
              34.7707235
            ],
            [
              135.4966031,
              34.7699632
            ],
            [
              135.4966275,
              34.7699039
            ]
          ],
          [
            [
              135.4977259,
              34.7642475
            ],
            [
              135.4977197,
              34.7641687
            ],
            [
              135.4975464,
              34.762079
            ],
            [
              135.4975447,
              34.7620048
            ]
          ],
          [
            [
              135.4975447,
              34.7620048
            ],
            [
              135.4973928,
              34.7599143
            ],
            [
              135.4973866,
              34.7598239
            ]
          ],
          [
            [
              135.4973866,
              34.7598239
            ],
            [
              135.4973805,
              34.759751
            ],
            [
              135.4972634,
              34.7581406
            ]
          ],
          [
            [
              135.4972096,
              34.757562
            ],
            [
              135.4971933,
              34.7574494
            ],
            [
              135.4970957,
              34.7561849
            ],
            [
              135.4970863,
              34.7560946
            ]
          ],
          [
            [
              135.4970863,
              34.7560946
            ],
            [
              135.4970764,
              34.7560185
            ],
            [
              135.4969827,
              34.7546979
            ],
            [
              135.4969756,
              34.7545978
            ]
          ],
          [
            [
              135.4969756,
              34.7545978
            ],
            [
              135.4969382,
              34.754094
            ]
          ],
          [
            [
              135.4969382,
              34.754094
            ],
            [
              135.4969134,
              34.7539185
            ],
            [
              135.4969068,
              34.753563
            ],
            [
              135.496902,
              34.7530777
            ],
            [
              135.4969188,
              34.752457
            ],
            [
              135.49694,
              34.7514165
            ]
          ],
          [
            [
              135.4972978,
              34.7642704
            ],
            [
              135.4973023,
              34.7643204
            ],
            [
              135.497338,
              34.7647312
            ]
          ],
          [
            [
              135.4969649,
              34.7598385
            ],
            [
              135.4969744,
              34.7599248
            ],
            [
              135.4969835,
              34.7601589
            ]
          ],
          [
            [
              135.4965918,
              34.7546093
            ],
            [
              135.496599,
              34.7547075
            ],
            [
              135.4966953,
              34.756027
            ],
            [
              135.4967067,
              34.7561069
            ]
          ],
          [
            [
              135.4967936,
              34.7575735
            ],
            [
              135.4968,
              34.7576734
            ],
            [
              135.4968689,
              34.7586008
            ],
            [
              135.4968865,
              34.7588689
            ],
            [
              135.4969577,
              34.7597679
            ],
            [
              135.4969649,
              34.7598385
            ]
          ],
          [
            [
              135.4971339,
              34.7619759
            ],
            [
              135.4971394,
              34.762057
            ],
            [
              135.4972923,
              34.7641839
            ],
            [
              135.4972978,
              34.7642704
            ]
          ],
          [
            [
              135.4967067,
              34.7561069
            ],
            [
              135.4967176,
              34.7561976
            ],
            [
              135.4967654,
              34.7571159
            ]
          ],
          [
            [
              135.4975885,
              34.7659398
            ],
            [
              135.4977148,
              34.7652944
            ],
            [
              135.4977371,
              34.7649955
            ],
            [
              135.4977412,
              34.7648806
            ],
            [
              135.4977451,
              34.7647758
            ]
          ],
          [
            [
              135.4966998,
              34.7956148
            ],
            [
              135.4969891,
              34.7949827
            ],
            [
              135.4971622,
              34.7945391
            ],
            [
              135.4973283,
              34.794041
            ],
            [
              135.4973982,
              34.7938306
            ],
            [
              135.4974232,
              34.7937483
            ],
            [
              135.4974567,
              34.7936209
            ],
            [
              135.4975098,
              34.7933957
            ],
            [
              135.4975535,
              34.7931844
            ],
            [
              135.4975902,
              34.7929808
            ],
            [
              135.4976021,
              34.7929024
            ],
            [
              135.4976087,
              34.7928596
            ]
          ],
          [
            [
              135.4970842,
              34.7613751
            ],
            [
              135.4971339,
              34.7619759
            ]
          ],
          [
            [
              135.4969835,
              34.7601589
            ],
            [
              135.4970842,
              34.7613751
            ]
          ],
          [
            [
              135.4971659,
              34.7879264
            ],
            [
              135.4971927,
              34.7884981
            ],
            [
              135.4972313,
              34.7894827
            ],
            [
              135.497238,
              34.7896541
            ]
          ],
          [
            [
              135.4971009,
              34.7861549
            ],
            [
              135.4971074,
              34.7862808
            ],
            [
              135.4971221,
              34.787293
            ]
          ],
          [
            [
              135.4974987,
              34.7861433
            ],
            [
              135.4974975,
              34.7860536
            ]
          ],
          [
            [
              135.4971569,
              34.7664219
            ],
            [
              135.4971228,
              34.7665891
            ]
          ],
          [
            [
              135.4973809,
              34.767042
            ],
            [
              135.4974099,
              34.766887
            ]
          ],
          [
            [
              135.4975416,
              34.7661941
            ],
            [
              135.4975658,
              34.7660661
            ]
          ],
          [
            [
              135.4965494,
              34.7540452
            ],
            [
              135.4965918,
              34.7546093
            ]
          ],
          [
            [
              135.4972634,
              34.7581406
            ],
            [
              135.4972182,
              34.757659
            ],
            [
              135.4972096,
              34.757562
            ]
          ],
          [
            [
              135.4967654,
              34.7571159
            ],
            [
              135.4967858,
              34.7574594
            ],
            [
              135.4967936,
              34.7575735
            ]
          ],
          [
            [
              135.4976087,
              34.7928596
            ],
            [
              135.4976203,
              34.7927831
            ]
          ],
          [
            [
              135.4971375,
              34.7928107
            ],
            [
              135.4971314,
              34.7928581
            ],
            [
              135.4969837,
              34.7935597
            ],
            [
              135.4968764,
              34.793976
            ],
            [
              135.4967277,
              34.7944521
            ],
            [
              135.4965733,
              34.7948924
            ],
            [
              135.4963246,
              34.7954864
            ]
          ]
        ]
      }
    },
    {
      "type": "Feature",
      "properties": {
        "name": "国道479号",
        "category": "広域緊急交通路",
        "geometry_quality": "osm_name_match",
        "geometry_source": "OpenStreetMap road geometry matched by official route name"
      },
      "geometry": {
        "type": "MultiLineString",
        "coordinates": [
          [
            [
              135.5184641,
              34.759214
            ],
            [
              135.5189658,
              34.7588342
            ]
          ],
          [
            [
              135.5184641,
              34.759214
            ],
            [
              135.5183436,
              34.7592417
            ],
            [
              135.5182185,
              34.759327
            ],
            [
              135.5181025,
              34.7594079
            ]
          ],
          [
            [
              135.5193432,
              34.7585398
            ],
            [
              135.5201998,
              34.7578868
            ],
            [
              135.5202667,
              34.7578337
            ]
          ],
          [
            [
              135.5193432,
              34.7585398
            ],
            [
              135.5190655,
              34.7587612
            ],
            [
              135.5189658,
              34.7588342
            ]
          ],
          [
            [
              135.5075584,
              34.7573454
            ],
            [
              135.5076329,
              34.7573438
            ],
            [
              135.5079043,
              34.7573398
            ]
          ],
          [
            [
              135.5075584,
              34.7573454
            ],
            [
              135.5074833,
              34.7573471
            ],
            [
              135.5071901,
              34.7573535
            ],
            [
              135.5068959,
              34.7573579
            ],
            [
              135.5067799,
              34.7573589
            ]
          ],
          [
            [
              135.5079043,
              34.7573398
            ],
            [
              135.509318,
              34.7573069
            ],
            [
              135.5094149,
              34.7573062
            ]
          ],
          [
            [
              135.5094149,
              34.7573062
            ],
            [
              135.5095221,
              34.757303
            ],
            [
              135.5101789,
              34.757289
            ]
          ],
          [
            [
              135.5114811,
              34.7572605
            ],
            [
              135.5115526,
              34.757259
            ],
            [
              135.5122291,
              34.7572439
            ],
            [
              135.5126566,
              34.7572342
            ],
            [
              135.5127376,
              34.7572327
            ]
          ],
          [
            [
              135.5114811,
              34.7572605
            ],
            [
              135.5113927,
              34.7572614
            ],
            [
              135.5104745,
              34.7572831
            ]
          ],
          [
            [
              135.5141033,
              34.7571793
            ],
            [
              135.5139585,
              34.7572043
            ],
            [
              135.5128367,
              34.7572303
            ],
            [
              135.5127376,
              34.7572327
            ]
          ],
          [
            [
              135.5141033,
              34.7571793
            ],
            [
              135.5141821,
              34.7572868
            ],
            [
              135.5143472,
              34.7575024
            ]
          ],
          [
            [
              135.5143472,
              34.7575024
            ],
            [
              135.5145065,
              34.7577026
            ],
            [
              135.5146153,
              34.7578401
            ]
          ],
          [
            [
              135.5150513,
              34.7583683
            ],
            [
              135.5146982,
              34.7579321
            ]
          ],
          [
            [
              135.5150513,
              34.7583683
            ],
            [
              135.5151027,
              34.7584904
            ],
            [
              135.5151844,
              34.7586094
            ]
          ],
          [
            [
              135.5151889,
              34.7585094
            ],
            [
              135.5150513,
              34.7583683
            ]
          ],
          [
            [
              135.5151844,
              34.7586094
            ],
            [
              135.5154529,
              34.75903
            ]
          ],
          [
            [
              135.521038,
              34.7569779
            ],
            [
              135.52052,
              34.7575639
            ]
          ],
          [
            [
              135.521038,
              34.7569779
            ],
            [
              135.5215204,
              34.7564213
            ],
            [
              135.5215984,
              34.7563303
            ]
          ],
          [
            [
              135.5215984,
              34.7563303
            ],
            [
              135.5216776,
              34.7562483
            ],
            [
              135.5221714,
              34.7556932
            ]
          ],
          [
            [
              135.5232241,
              34.7544882
            ],
            [
              135.5233902,
              34.7542958
            ],
            [
              135.5236228,
              34.7540295
            ],
            [
              135.5236649,
              34.753973
            ]
          ],
          [
            [
              135.5232241,
              34.7544882
            ],
            [
              135.522805,
              34.75497
            ],
            [
              135.5227442,
              34.7550486
            ]
          ],
          [
            [
              135.525638,
              34.7516245
            ],
            [
              135.525623,
              34.7516406
            ],
            [
              135.524842,
              34.7525762
            ],
            [
              135.5248116,
              34.752613
            ]
          ],
          [
            [
              135.525638,
              34.7516245
            ],
            [
              135.5257226,
              34.7515285
            ],
            [
              135.5262285,
              34.750937
            ],
            [
              135.526286,
              34.7508698
            ]
          ],
          [
            [
              135.5273342,
              34.7496121
            ],
            [
              135.5269676,
              34.7500466
            ]
          ],
          [
            [
              135.5273342,
              34.7496121
            ],
            [
              135.5275299,
              34.7493776
            ]
          ],
          [
            [
              135.5175851,
              34.762001
            ],
            [
              135.5175091,
              34.7618664
            ],
            [
              135.5173154,
              34.7616064
            ],
            [
              135.5166162,
              34.7605773
            ],
            [
              135.5162654,
              34.760029
            ],
            [
              135.5159781,
              34.7595874
            ],
            [
              135.5155273,
              34.7589433
            ]
          ],
          [
            [
              135.4916416,
              34.7576039
            ],
            [
              135.4917542,
              34.7576041
            ],
            [
              135.4921479,
              34.7576008
            ],
            [
              135.4923479,
              34.7576004
            ]
          ],
          [
            [
              135.4916416,
              34.7576039
            ],
            [
              135.4915547,
              34.757603
            ],
            [
              135.4900138,
              34.7575809
            ],
            [
              135.4897472,
              34.7575763
            ]
          ],
          [
            [
              135.526286,
              34.7508698
            ],
            [
              135.5263175,
              34.7508317
            ],
            [
              135.5267621,
              34.7502909
            ],
            [
              135.5268158,
              34.75023
            ],
            [
              135.5269676,
              34.7500466
            ]
          ],
          [
            [
              135.5248116,
              34.752613
            ],
            [
              135.5247803,
              34.7526509
            ],
            [
              135.5243795,
              34.7531237
            ],
            [
              135.5240473,
              34.7535234
            ],
            [
              135.5237224,
              34.7539086
            ],
            [
              135.5236649,
              34.753973
            ]
          ],
          [
            [
              135.5227442,
              34.7550486
            ],
            [
              135.5226622,
              34.7551237
            ],
            [
              135.522391,
              34.7554434
            ]
          ],
          [
            [
              135.5221714,
              34.7556932
            ],
            [
              135.522391,
              34.7554434
            ]
          ],
          [
            [
              135.52052,
              34.7575639
            ],
            [
              135.5204054,
              34.7577005
            ],
            [
              135.5203192,
              34.7577857
            ],
            [
              135.5202667,
              34.7578337
            ]
          ],
          [
            [
              135.4959429,
              34.7575804
            ],
            [
              135.4960522,
              34.7575775
            ],
            [
              135.4966866,
              34.757577
            ],
            [
              135.4967936,
              34.7575735
            ]
          ],
          [
            [
              135.4959429,
              34.7575804
            ],
            [
              135.4958553,
              34.7575827
            ],
            [
              135.4952826,
              34.7575914
            ],
            [
              135.4951641,
              34.7575952
            ]
          ],
          [
            [
              135.4897472,
              34.7575763
            ],
            [
              135.4896752,
              34.757575
            ],
            [
              135.4893771,
              34.7575705
            ],
            [
              135.488934,
              34.7575652
            ]
          ],
          [
            [
              135.5146982,
              34.7579321
            ],
            [
              135.5146153,
              34.7578401
            ]
          ],
          [
            [
              135.5153186,
              34.7586478
            ],
            [
              135.5151889,
              34.7585094
            ]
          ],
          [
            [
              135.5155273,
              34.7589433
            ],
            [
              135.5153186,
              34.7586478
            ]
          ],
          [
            [
              135.5154529,
              34.75903
            ],
            [
              135.5158275,
              34.7595884
            ],
            [
              135.5161393,
              34.760046
            ]
          ],
          [
            [
              135.5161393,
              34.760046
            ],
            [
              135.5162717,
              34.7601812
            ],
            [
              135.5163274,
              34.7602285
            ],
            [
              135.5163798,
              34.7602653
            ],
            [
              135.5164248,
              34.7602969
            ],
            [
              135.5165188,
              34.7603415
            ],
            [
              135.516591,
              34.7603584
            ],
            [
              135.5166607,
              34.760369
            ],
            [
              135.5167172,
              34.7603695
            ],
            [
              135.5167872,
              34.7603616
            ],
            [
              135.5168565,
              34.7603444
            ],
            [
              135.5169431,
              34.7603111
            ],
            [
              135.5170097,
              34.7602757
            ],
            [
              135.5170877,
              34.7602294
            ],
            [
              135.5174383,
              34.7599707
            ],
            [
              135.5179809,
              34.7595513
            ],
            [
              135.5181063,
              34.759509
            ]
          ],
          [
            [
              135.5041973,
              34.7574114
            ],
            [
              135.5042489,
              34.7574108
            ],
            [
              135.5043653,
              34.7574086
            ],
            [
              135.5045196,
              34.7574051
            ],
            [
              135.5045626,
              34.7574041
            ]
          ],
          [
            [
              135.5041973,
              34.7574114
            ],
            [
              135.5034586,
              34.757431
            ],
            [
              135.5025619,
              34.7574549
            ]
          ],
          [
            [
              135.5067799,
              34.7573589
            ],
            [
              135.5066632,
              34.7573612
            ],
            [
              135.5061309,
              34.7573712
            ]
          ],
          [
            [
              135.5101789,
              34.757289
            ],
            [
              135.5104745,
              34.7572831
            ]
          ],
          [
            [
              135.5181063,
              34.759509
            ],
            [
              135.5183476,
              34.7593318
            ],
            [
              135.5184044,
              34.7592902
            ],
            [
              135.5184641,
              34.759214
            ]
          ],
          [
            [
              135.5181025,
              34.7594079
            ],
            [
              135.5180203,
              34.7594837
            ],
            [
              135.517412,
              34.7599465
            ],
            [
              135.517059,
              34.7602039
            ],
            [
              135.5169929,
              34.7602421
            ],
            [
              135.5169197,
              34.7602769
            ],
            [
              135.516845,
              34.7603024
            ],
            [
              135.5167771,
              34.7603167
            ],
            [
              135.5167049,
              34.7603236
            ],
            [
              135.5166337,
              34.7603212
            ],
            [
              135.5165342,
              34.7602992
            ],
            [
              135.5164673,
              34.7602715
            ],
            [
              135.516412,
              34.7602394
            ],
            [
              135.5163615,
              34.7602
            ],
            [
              135.5163117,
              34.7601539
            ],
            [
              135.5162447,
              34.7600767
            ],
            [
              135.5158911,
              34.7595579
            ],
            [
              135.5151889,
              34.7585094
            ]
          ],
          [
            [
              135.5045626,
              34.7574041
            ],
            [
              135.5061309,
              34.7573712
            ]
          ],
          [
            [
              135.5019882,
              34.7574608
            ],
            [
              135.5020949,
              34.757459
            ],
            [
              135.502347,
              34.7574525
            ],
            [
              135.5025619,
              34.7574549
            ]
          ],
          [
            [
              135.5019882,
              34.7574608
            ],
            [
              135.5018884,
              34.7574624
            ],
            [
              135.5016209,
              34.75747
            ]
          ],
          [
            [
              135.4972096,
              34.757562
            ],
            [
              135.4970033,
              34.7575672
            ]
          ],
          [
            [
              135.4972096,
              34.757562
            ],
            [
              135.4973395,
              34.757559
            ],
            [
              135.4979789,
              34.7575355
            ],
            [
              135.4980617,
              34.757537
            ]
          ],
          [
            [
              135.5005279,
              34.7574875
            ],
            [
              135.5005899,
              34.7574869
            ],
            [
              135.5016209,
              34.75747
            ]
          ],
          [
            [
              135.5005279,
              34.7574875
            ],
            [
              135.5004518,
              34.7574891
            ],
            [
              135.4992211,
              34.7575155
            ]
          ],
          [
            [
              135.4988738,
              34.7575248
            ],
            [
              135.4989804,
              34.7575219
            ],
            [
              135.4992211,
              34.7575155
            ]
          ],
          [
            [
              135.4988738,
              34.7575248
            ],
            [
              135.4987832,
              34.7575267
            ],
            [
              135.498152,
              34.7575368
            ],
            [
              135.4980617,
              34.757537
            ]
          ],
          [
            [
              135.4967936,
              34.7575735
            ],
            [
              135.4970033,
              34.7575672
            ]
          ],
          [
            [
              135.4930121,
              34.7576033
            ],
            [
              135.4923479,
              34.7576004
            ]
          ],
          [
            [
              135.4930121,
              34.7576033
            ],
            [
              135.4933119,
              34.7576002
            ],
            [
              135.4939355,
              34.7576019
            ],
            [
              135.4940229,
              34.757601
            ]
          ],
          [
            [
              135.4940229,
              34.757601
            ],
            [
              135.4941122,
              34.7576022
            ],
            [
              135.4950573,
              34.7575969
            ],
            [
              135.4951641,
              34.7575952
            ]
          ]
        ]
      }
    },
    {
      "type": "Feature",
      "properties": {
        "name": "大阪高槻京都線",
        "category": "広域緊急交通路",
        "geometry_quality": "osm_name_match",
        "geometry_source": "OpenStreetMap road geometry matched by official route name"
      },
      "geometry": {
        "type": "MultiLineString",
        "coordinates": [
          [
            [
              135.5520288,
              34.7941575
            ],
            [
              135.5522387,
              34.7945528
            ],
            [
              135.5524328,
              34.7949759
            ],
            [
              135.5524619,
              34.7950599
            ]
          ],
          [
            [
              135.5520288,
              34.7941575
            ],
            [
              135.5517981,
              34.7938391
            ],
            [
              135.5515569,
              34.7935469
            ]
          ],
          [
            [
              135.5217475,
              34.7651465
            ],
            [
              135.522053,
              34.7653318
            ],
            [
              135.5222124,
              34.7654475
            ],
            [
              135.5226487,
              34.7657376
            ],
            [
              135.5227385,
              34.7657973
            ]
          ],
          [
            [
              135.5217475,
              34.7651465
            ],
            [
              135.5215432,
              34.7650221
            ],
            [
              135.5214201,
              34.7649116
            ],
            [
              135.5208551,
              34.7645669
            ],
            [
              135.5207673,
              34.7645127
            ]
          ],
          [
            [
              135.5215984,
              34.7563303
            ],
            [
              135.5217321,
              34.7564058
            ],
            [
              135.5220942,
              34.7566145
            ]
          ],
          [
            [
              135.5215984,
              34.7563303
            ],
            [
              135.5214735,
              34.7562566
            ],
            [
              135.5211005,
              34.7560344
            ]
          ],
          [
            [
              135.5175851,
              34.762001
            ],
            [
              135.5175684,
              34.7618162
            ],
            [
              135.517543,
              34.7617661
            ],
            [
              135.517475,
              34.7616723
            ]
          ],
          [
            [
              135.5175851,
              34.762001
            ],
            [
              135.5176634,
              34.7620803
            ],
            [
              135.5180432,
              34.7625144
            ]
          ],
          [
            [
              135.5180432,
              34.7625144
            ],
            [
              135.5182141,
              34.7627437
            ],
            [
              135.5183663,
              34.7629013
            ],
            [
              135.5185606,
              34.7630658
            ],
            [
              135.51877,
              34.7632235
            ],
            [
              135.5188822,
              34.7633042
            ],
            [
              135.5192072,
              34.7635417
            ],
            [
              135.519476,
              34.7637129
            ],
            [
              135.5196706,
              34.7638396
            ],
            [
              135.5197449,
              34.7638879
            ]
          ],
          [
            [
              135.5524619,
              34.7950599
            ],
            [
              135.5524932,
              34.7951283
            ],
            [
              135.5527407,
              34.7956929
            ],
            [
              135.5528772,
              34.7960072
            ]
          ],
          [
            [
              135.5528772,
              34.7960072
            ],
            [
              135.5529263,
              34.7961186
            ],
            [
              135.5530845,
              34.7964776
            ],
            [
              135.5531395,
              34.7965985
            ]
          ],
          [
            [
              135.5531395,
              34.7965985
            ],
            [
              135.5532222,
              34.7967843
            ],
            [
              135.5532862,
              34.796928
            ]
          ],
          [
            [
              135.5540389,
              34.7986495
            ],
            [
              135.5544612,
              34.7996098
            ],
            [
              135.554665,
              34.8000627
            ],
            [
              135.5547617,
              34.8002859
            ]
          ],
          [
            [
              135.5540389,
              34.7986495
            ],
            [
              135.5538476,
              34.798202
            ],
            [
              135.5538143,
              34.7981266
            ]
          ],
          [
            [
              135.5549051,
              34.8006325
            ],
            [
              135.5547617,
              34.8002859
            ]
          ],
          [
            [
              135.5416253,
              34.770154
            ],
            [
              135.5414018,
              34.7699111
            ]
          ],
          [
            [
              135.5447341,
              34.7716781
            ],
            [
              135.5449702,
              34.7718355
            ]
          ],
          [
            [
              135.5447341,
              34.7716781
            ],
            [
              135.5435996,
              34.7710158
            ],
            [
              135.543397,
              34.7709051
            ],
            [
              135.5424008,
              34.7703603
            ],
            [
              135.5406918,
              34.7693867
            ],
            [
              135.5396889,
              34.7688256
            ],
            [
              135.5390089,
              34.7684452
            ]
          ],
          [
            [
              135.5449702,
              34.7718355
            ],
            [
              135.5452783,
              34.7720176
            ]
          ],
          [
            [
              135.5454705,
              34.7721288
            ],
            [
              135.5456318,
              34.7722399
            ]
          ],
          [
            [
              135.5454705,
              34.7721288
            ],
            [
              135.5453427,
              34.7720557
            ],
            [
              135.5452783,
              34.7720176
            ]
          ],
          [
            [
              135.5314292,
              34.7756292
            ],
            [
              135.5316822,
              34.7760308
            ]
          ],
          [
            [
              135.5314292,
              34.7756292
            ],
            [
              135.5314167,
              34.775608
            ],
            [
              135.5310793,
              34.7750898
            ],
            [
              135.5309971,
              34.7749566
            ]
          ],
          [
            [
              135.5318228,
              34.7762498
            ],
            [
              135.5316822,
              34.7760308
            ]
          ],
          [
            [
              135.5318228,
              34.7762498
            ],
            [
              135.5318577,
              34.7763005
            ],
            [
              135.5319491,
              34.7764381
            ]
          ],
          [
            [
              135.5329455,
              34.7779783
            ],
            [
              135.5329938,
              34.7780521
            ],
            [
              135.5335329,
              34.7788746
            ],
            [
              135.5337746,
              34.7792442
            ]
          ],
          [
            [
              135.5329455,
              34.7779783
            ],
            [
              135.5328581,
              34.7778415
            ],
            [
              135.5328399,
              34.7778132
            ]
          ],
          [
            [
              135.5340844,
              34.7797389
            ],
            [
              135.5341141,
              34.7797847
            ],
            [
              135.5343622,
              34.7801677
            ]
          ],
          [
            [
              135.5340844,
              34.7797389
            ],
            [
              135.5340517,
              34.779688
            ],
            [
              135.5337746,
              34.7792442
            ]
          ],
          [
            [
              135.5357994,
              34.78237
            ],
            [
              135.5353411,
              34.7816817
            ]
          ],
          [
            [
              135.5357994,
              34.78237
            ],
            [
              135.5359335,
              34.7825391
            ],
            [
              135.5360043,
              34.7826211
            ],
            [
              135.5360784,
              34.7827051
            ],
            [
              135.5361426,
              34.7827727
            ],
            [
              135.5363671,
              34.7830092
            ]
          ],
          [
            [
              135.5363671,
              34.7830092
            ],
            [
              135.5365112,
              34.7831274
            ],
            [
              135.5365833,
              34.7831929
            ]
          ],
          [
            [
              135.5365833,
              34.7831929
            ],
            [
              135.5369576,
              34.7834654
            ],
            [
              135.5371017,
              34.7835703
            ],
            [
              135.5372736,
              34.7836944
            ]
          ],
          [
            [
              135.5117112,
              34.749336
            ],
            [
              135.5117078,
              34.7494097
            ],
            [
              135.5116754,
              34.749581
            ]
          ],
          [
            [
              135.5116754,
              34.749581
            ],
            [
              135.5116918,
              34.7497634
            ],
            [
              135.511743,
              34.7499206
            ],
            [
              135.5117809,
              34.7500296
            ],
            [
              135.5118365,
              34.7501578
            ]
          ],
          [
            [
              135.5118365,
              34.7501578
            ],
            [
              135.5119157,
              34.7503219
            ],
            [
              135.5119884,
              34.7504212
            ],
            [
              135.5120945,
              34.750542
            ],
            [
              135.5122113,
              34.750648
            ],
            [
              135.5123321,
              34.750751
            ],
            [
              135.512467,
              34.7508495
            ]
          ],
          [
            [
              135.512467,
              34.7508495
            ],
            [
              135.5126888,
              34.7509858
            ],
            [
              135.5130141,
              34.7511806
            ],
            [
              135.5131157,
              34.7512391
            ]
          ],
          [
            [
              135.5131157,
              34.7512391
            ],
            [
              135.5133663,
              34.751397
            ]
          ],
          [
            [
              135.5133663,
              34.751397
            ],
            [
              135.5140745,
              34.7518254
            ]
          ],
          [
            [
              135.5148926,
              34.7523168
            ],
            [
              135.5154263,
              34.7526301
            ]
          ],
          [
            [
              135.5148926,
              34.7523168
            ],
            [
              135.5144536,
              34.7520531
            ],
            [
              135.5140745,
              34.7518254
            ]
          ],
          [
            [
              135.5160544,
              34.7530047
            ],
            [
              135.5154263,
              34.7526301
            ]
          ],
          [
            [
              135.5160544,
              34.7530047
            ],
            [
              135.517115,
              34.7536383
            ],
            [
              135.5188813,
              34.7546983
            ],
            [
              135.5202305,
              34.7555069
            ]
          ],
          [
            [
              135.5167748,
              34.7535128
            ],
            [
              135.5170915,
              34.7536992
            ],
            [
              135.5174987,
              34.7539445
            ]
          ],
          [
            [
              135.5176326,
              34.7538839
            ],
            [
              135.5171751,
              34.7536069
            ],
            [
              135.5166827,
              34.7533104
            ]
          ],
          [
            [
              135.5202305,
              34.7555069
            ],
            [
              135.5202999,
              34.7555495
            ],
            [
              135.5204606,
              34.7556456
            ]
          ],
          [
            [
              135.5211005,
              34.7560344
            ],
            [
              135.5206742,
              34.7557792
            ]
          ],
          [
            [
              135.5220942,
              34.7566145
            ],
            [
              135.5224379,
              34.7568403
            ]
          ],
          [
            [
              135.5237889,
              34.7579608
            ],
            [
              135.5239294,
              34.758083
            ]
          ],
          [
            [
              135.5237889,
              34.7579608
            ],
            [
              135.5233168,
              34.7575745
            ]
          ],
          [
            [
              135.5274757,
              34.7617752
            ],
            [
              135.5276633,
              34.7618854
            ],
            [
              135.5281469,
              34.7621366
            ],
            [
              135.528169,
              34.762148
            ],
            [
              135.5283829,
              34.7622591
            ],
            [
              135.5284986,
              34.7623206
            ]
          ],
          [
            [
              135.5274757,
              34.7617752
            ],
            [
              135.5273592,
              34.7616802
            ],
            [
              135.5271877,
              34.7615051
            ]
          ],
          [
            [
              135.5284986,
              34.7623206
            ],
            [
              135.528609,
              34.7623757
            ],
            [
              135.5293684,
              34.7627526
            ],
            [
              135.5294436,
              34.762792
            ]
          ],
          [
            [
              135.5294436,
              34.762792
            ],
            [
              135.5295265,
              34.7628353
            ],
            [
              135.530188,
              34.7631835
            ]
          ],
          [
            [
              135.5310214,
              34.7636461
            ],
            [
              135.5312569,
              34.7637796
            ]
          ],
          [
            [
              135.5310214,
              34.7636461
            ],
            [
              135.5309168,
              34.7635838
            ],
            [
              135.5308159,
              34.7635259
            ]
          ],
          [
            [
              135.5312569,
              34.7637796
            ],
            [
              135.531372,
              34.7638477
            ],
            [
              135.5314366,
              34.7638839
            ]
          ],
          [
            [
              135.53173,
              34.7640603
            ],
            [
              135.5323389,
              34.7644253
            ]
          ],
          [
            [
              135.53173,
              34.7640603
            ],
            [
              135.5316866,
              34.764034
            ],
            [
              135.5314366,
              34.7638839
            ]
          ],
          [
            [
              135.5323389,
              34.7644253
            ],
            [
              135.5331365,
              34.7649257
            ]
          ],
          [
            [
              135.5338205,
              34.7653735
            ],
            [
              135.5339188,
              34.7654379
            ],
            [
              135.5342394,
              34.765648
            ]
          ],
          [
            [
              135.5338205,
              34.7653735
            ],
            [
              135.5337333,
              34.7653136
            ],
            [
              135.53365,
              34.7652564
            ]
          ],
          [
            [
              135.5344928,
              34.7658008
            ],
            [
              135.5345486,
              34.7658381
            ],
            [
              135.5346262,
              34.7658898
            ],
            [
              135.534705,
              34.7659398
            ]
          ],
          [
            [
              135.5344928,
              34.7658008
            ],
            [
              135.5344198,
              34.7657581
            ],
            [
              135.5342886,
              34.7656812
            ],
            [
              135.5342394,
              34.765648
            ]
          ],
          [
            [
              135.5357925,
              34.7665869
            ],
            [
              135.5359344,
              34.7666655
            ]
          ],
          [
            [
              135.5357925,
              34.7665869
            ],
            [
              135.5353612,
              34.7663402
            ]
          ],
          [
            [
              135.5359344,
              34.7666655
            ],
            [
              135.5365599,
              34.76703
            ],
            [
              135.5368284,
              34.7671794
            ],
            [
              135.537028,
              34.7672957
            ],
            [
              135.5370495,
              34.7673086
            ],
            [
              135.5374802,
              34.7675611
            ],
            [
              135.5375534,
              34.767604
            ]
          ],
          [
            [
              135.5382018,
              34.7679761
            ],
            [
              135.5380288,
              34.7678768
            ]
          ],
          [
            [
              135.5382018,
              34.7679761
            ],
            [
              135.5383874,
              34.7680826
            ],
            [
              135.5385901,
              34.768199
            ],
            [
              135.5388414,
              34.7683431
            ]
          ],
          [
            [
              135.517475,
              34.7616723
            ],
            [
              135.516926,
              34.7608733
            ],
            [
              135.5168325,
              34.7607418
            ],
            [
              135.5167743,
              34.7606113
            ],
            [
              135.5167764,
              34.7605613
            ],
            [
              135.5167923,
              34.7605132
            ],
            [
              135.5168395,
              34.7604642
            ],
            [
              135.5169389,
              34.760397
            ],
            [
              135.5171138,
              34.7602799
            ],
            [
              135.5174875,
              34.7600018
            ],
            [
              135.5180267,
              34.7596052
            ],
            [
              135.5181063,
              34.759509
            ]
          ],
          [
            [
              135.5166605,
              34.7609212
            ],
            [
              135.5168017,
              34.7611212
            ],
            [
              135.5170608,
              34.7614797
            ]
          ],
          [
            [
              135.5207673,
              34.7645127
            ],
            [
              135.5206724,
              34.7644532
            ],
            [
              135.5197449,
              34.7638879
            ]
          ],
          [
            [
              135.5166224,
              34.7604288
            ],
            [
              135.5165726,
              34.7604891
            ],
            [
              135.5165415,
              34.7605841
            ],
            [
              135.5165526,
              34.7607588
            ]
          ],
          [
            [
              135.5165526,
              34.7607588
            ],
            [
              135.5166605,
              34.7609212
            ]
          ],
          [
            [
              135.5170608,
              34.7614797
            ],
            [
              135.5174002,
              34.7619269
            ],
            [
              135.5175851,
              34.762001
            ]
          ],
          [
            [
              135.5309971,
              34.7749566
            ],
            [
              135.5309133,
              34.7748402
            ],
            [
              135.5307227,
              34.7745432
            ],
            [
              135.5305363,
              34.7742567
            ]
          ],
          [
            [
              135.5245812,
              34.7670409
            ],
            [
              135.5247205,
              34.767132
            ],
            [
              135.5250517,
              34.7673612
            ]
          ],
          [
            [
              135.5245812,
              34.7670409
            ],
            [
              135.5244671,
              34.7669635
            ],
            [
              135.5244502,
              34.7669523
            ]
          ],
          [
            [
              135.5261949,
              34.7681403
            ],
            [
              135.5262461,
              34.7681758
            ],
            [
              135.5266446,
              34.7684522
            ]
          ],
          [
            [
              135.5261949,
              34.7681403
            ],
            [
              135.5261363,
              34.7681007
            ],
            [
              135.5254402,
              34.76763
            ]
          ],
          [
            [
              135.5227385,
              34.7657973
            ],
            [
              135.5228205,
              34.765852
            ],
            [
              135.5230248,
              34.7659884
            ],
            [
              135.5231619,
              34.7660798
            ]
          ],
          [
            [
              135.5254402,
              34.76763
            ],
            [
              135.5250517,
              34.7673612
            ]
          ],
          [
            [
              135.5268321,
              34.768587
            ],
            [
              135.5268933,
              34.7686366
            ],
            [
              135.5269512,
              34.7686836
            ]
          ],
          [
            [
              135.5268321,
              34.768587
            ],
            [
              135.5267399,
              34.7685188
            ],
            [
              135.5266446,
              34.7684522
            ]
          ],
          [
            [
              135.5269512,
              34.7686836
            ],
            [
              135.5271775,
              34.7688699
            ]
          ],
          [
            [
              135.5275442,
              34.7691961
            ],
            [
              135.5276042,
              34.7692732
            ],
            [
              135.5276679,
              34.7693674
            ]
          ],
          [
            [
              135.5275442,
              34.7691961
            ],
            [
              135.5274961,
              34.7691436
            ],
            [
              135.5273559,
              34.7690164
            ],
            [
              135.5272662,
              34.7689428
            ],
            [
              135.5271775,
              34.7688699
            ]
          ],
          [
            [
              135.5281243,
              34.7702669
            ],
            [
              135.5285326,
              34.7711119
            ]
          ],
          [
            [
              135.5281243,
              34.7702669
            ],
            [
              135.5276679,
              34.7693674
            ]
          ],
          [
            [
              135.5285326,
              34.7711119
            ],
            [
              135.5285893,
              34.7712134
            ],
            [
              135.5288301,
              34.7716057
            ]
          ],
          [
            [
              135.5292746,
              34.7722882
            ],
            [
              135.5293157,
              34.7723536
            ],
            [
              135.5294808,
              34.7726316
            ],
            [
              135.5296455,
              34.7728714
            ]
          ],
          [
            [
              135.5292746,
              34.7722882
            ],
            [
              135.5292321,
              34.7722213
            ],
            [
              135.5291294,
              34.7720679
            ],
            [
              135.5290075,
              34.7718804
            ]
          ],
          [
            [
              135.5296455,
              34.7728714
            ],
            [
              135.5297177,
              34.7729817
            ],
            [
              135.5298066,
              34.7731165
            ]
          ],
          [
            [
              135.5298066,
              34.7731165
            ],
            [
              135.5298458,
              34.7731811
            ],
            [
              135.5299712,
              34.7733832
            ],
            [
              135.5300194,
              34.7734553
            ]
          ],
          [
            [
              135.5305363,
              34.7742567
            ],
            [
              135.530205,
              34.7737266
            ]
          ],
          [
            [
              135.5349533,
              34.7810807
            ],
            [
              135.5350143,
              34.7811779
            ],
            [
              135.5350525,
              34.781236
            ],
            [
              135.5350872,
              34.7812886
            ]
          ],
          [
            [
              135.5349533,
              34.7810807
            ],
            [
              135.5348687,
              34.7809496
            ],
            [
              135.5344363,
              34.7802879
            ],
            [
              135.5343622,
              34.7801677
            ]
          ],
          [
            [
              135.5231619,
              34.7660798
            ],
            [
              135.5235881,
              34.7663684
            ],
            [
              135.5244502,
              34.7669523
            ]
          ],
          [
            [
              135.5250419,
              34.7592464
            ],
            [
              135.5254343,
              34.759661
            ],
            [
              135.5255608,
              34.7598095
            ]
          ],
          [
            [
              135.5250419,
              34.7592464
            ],
            [
              135.5244813,
              34.7586427
            ],
            [
              135.5244178,
              34.7585758
            ]
          ],
          [
            [
              135.5288301,
              34.7716057
            ],
            [
              135.5290075,
              34.7718804
            ]
          ],
          [
            [
              135.5305337,
              34.7633674
            ],
            [
              135.5308159,
              34.7635259
            ]
          ],
          [
            [
              135.5305337,
              34.7633674
            ],
            [
              135.5304165,
              34.763306
            ]
          ],
          [
            [
              135.5304165,
              34.763306
            ],
            [
              135.5303272,
              34.7632581
            ],
            [
              135.530188,
              34.7631835
            ]
          ],
          [
            [
              135.5181025,
              34.7594079
            ],
            [
              135.517986,
              34.7594548
            ],
            [
              135.5173598,
              34.7599109
            ],
            [
              135.5172063,
              34.7600246
            ],
            [
              135.5169597,
              34.7601871
            ],
            [
              135.5167205,
              34.7603255
            ],
            [
              135.5166224,
              34.7604288
            ]
          ],
          [
            [
              135.5165137,
              34.753205
            ],
            [
              135.5162522,
              34.7530509
            ],
            [
              135.5161038,
              34.7529633
            ]
          ],
          [
            [
              135.5267398,
              34.7610324
            ],
            [
              135.5264749,
              34.7607533
            ]
          ],
          [
            [
              135.5267398,
              34.7610324
            ],
            [
              135.5267941,
              34.7610888
            ],
            [
              135.52691,
              34.7612133
            ]
          ],
          [
            [
              135.534705,
              34.7659398
            ],
            [
              135.5349109,
              34.7660633
            ]
          ],
          [
            [
              135.53365,
              34.7652564
            ],
            [
              135.533402,
              34.7650923
            ],
            [
              135.5331365,
              34.7649257
            ]
          ],
          [
            [
              135.5349109,
              34.7660633
            ],
            [
              135.5350949,
              34.7661767
            ],
            [
              135.5353056,
              34.7663065
            ]
          ],
          [
            [
              135.5353056,
              34.7663065
            ],
            [
              135.5353612,
              34.7663402
            ]
          ],
          [
            [
              135.5380288,
              34.7678768
            ],
            [
              135.5378017,
              34.7677465
            ],
            [
              135.5376138,
              34.7676386
            ],
            [
              135.5375534,
              34.767604
            ]
          ],
          [
            [
              135.5455835,
              34.7721822
            ],
            [
              135.5454705,
              34.7721288
            ]
          ],
          [
            [
              135.5532862,
              34.796928
            ],
            [
              135.5534436,
              34.7972853
            ],
            [
              135.5535353,
              34.7974934
            ],
            [
              135.5538143,
              34.7981266
            ]
          ],
          [
            [
              135.5255608,
              34.7598095
            ],
            [
              135.5256328,
              34.7598797
            ],
            [
              135.5258702,
              34.7601183
            ],
            [
              135.5261284,
              34.7603857
            ]
          ],
          [
            [
              135.5372736,
              34.7836944
            ],
            [
              135.5378821,
              34.7841015
            ],
            [
              135.5380088,
              34.7841892
            ]
          ],
          [
            [
              135.5244178,
              34.7585758
            ],
            [
              135.5243584,
              34.7585133
            ],
            [
              135.5239294,
              34.758083
            ]
          ],
          [
            [
              135.5166827,
              34.7533104
            ],
            [
              135.5165137,
              34.753205
            ]
          ],
          [
            [
              135.5164632,
              34.7533246
            ],
            [
              135.5167748,
              34.7535128
            ]
          ],
          [
            [
              135.52691,
              34.7612133
            ],
            [
              135.5271141,
              34.7614256
            ],
            [
              135.5271877,
              34.7615051
            ]
          ],
          [
            [
              135.5261284,
              34.7603857
            ],
            [
              135.5264749,
              34.7607533
            ]
          ],
          [
            [
              135.5300194,
              34.7734553
            ],
            [
              135.530205,
              34.7737266
            ]
          ],
          [
            [
              135.5321882,
              34.7768088
            ],
            [
              135.5322232,
              34.7768642
            ],
            [
              135.5322785,
              34.7769511
            ],
            [
              135.5328399,
              34.7778132
            ]
          ],
          [
            [
              135.5321882,
              34.7768088
            ],
            [
              135.5321309,
              34.7767199
            ],
            [
              135.5319491,
              34.7764381
            ]
          ],
          [
            [
              135.5353411,
              34.7816817
            ],
            [
              135.5350872,
              34.7812886
            ]
          ],
          [
            [
              135.5233168,
              34.7575745
            ],
            [
              135.5228728,
              34.7571864
            ],
            [
              135.5224379,
              34.7568403
            ]
          ],
          [
            [
              135.5204606,
              34.7556456
            ],
            [
              135.5206742,
              34.7557792
            ]
          ],
          [
            [
              135.5154263,
              34.7526301
            ],
            [
              135.5160052,
              34.7530488
            ]
          ],
          [
            [
              135.5160052,
              34.7530488
            ],
            [
              135.5161649,
              34.7531452
            ],
            [
              135.5164632,
              34.7533246
            ]
          ],
          [
            [
              135.5161038,
              34.7529633
            ],
            [
              135.5154263,
              34.7526301
            ]
          ],
          [
            [
              135.5388414,
              34.7683431
            ],
            [
              135.538949,
              34.7684087
            ],
            [
              135.5390089,
              34.7684452
            ]
          ]
        ]
      }
    },
    {
      "type": "Feature",
      "properties": {
        "name": "箕面摂津線",
        "category": "地域緊急交通路（府）",
        "geometry_quality": "osm_name_match",
        "geometry_source": "OpenStreetMap road geometry matched by official route name"
      },
      "geometry": {
        "type": "MultiLineString",
        "coordinates": [
          [
            [
              135.5172999,
              34.8094072
            ],
            [
              135.5173183,
              34.8093122
            ]
          ],
          [
            [
              135.5172999,
              34.8094072
            ],
            [
              135.5175056,
              34.8095952
            ]
          ],
          [
            [
              135.5094314,
              34.8237924
            ],
            [
              135.5095088,
              34.8236914
            ],
            [
              135.5095645,
              34.8236002
            ],
            [
              135.5097304,
              34.8233287
            ],
            [
              135.5099349,
              34.8229647
            ],
            [
              135.5108273,
              34.8212275
            ],
            [
              135.5108756,
              34.8211151
            ]
          ],
          [
            [
              135.5094314,
              34.8237924
            ],
            [
              135.5093664,
              34.8238794
            ],
            [
              135.5092606,
              34.8240213
            ]
          ],
          [
            [
              135.5021236,
              34.8290745
            ],
            [
              135.5022818,
              34.8290089
            ],
            [
              135.5026276,
              34.8288589
            ]
          ],
          [
            [
              135.5021236,
              34.8290745
            ],
            [
              135.5019866,
              34.8291286
            ],
            [
              135.5013012,
              34.8294246
            ],
            [
              135.5009007,
              34.8295973
            ],
            [
              135.5005279,
              34.8297602
            ],
            [
              135.5002629,
              34.8298953
            ]
          ],
          [
            [
              135.5203783,
              34.8051974
            ],
            [
              135.5204008,
              34.8050989
            ],
            [
              135.5204283,
              34.804827
            ],
            [
              135.5204346,
              34.8047047
            ]
          ],
          [
            [
              135.5203783,
              34.8051974
            ],
            [
              135.5203565,
              34.8052718
            ],
            [
              135.5203459,
              34.8053027
            ],
            [
              135.5203257,
              34.8053665
            ],
            [
              135.5202952,
              34.8054375
            ],
            [
              135.5202694,
              34.8054899
            ],
            [
              135.5202359,
              34.8055548
            ],
            [
              135.5201876,
              34.8056374
            ],
            [
              135.5201166,
              34.8057465
            ],
            [
              135.5198937,
              34.8060877
            ],
            [
              135.5198374,
              34.8061742
            ]
          ],
          [
            [
              135.5175467,
              34.8095089
            ],
            [
              135.5175056,
              34.8095952
            ]
          ],
          [
            [
              135.5175467,
              34.8095089
            ],
            [
              135.5173183,
              34.8093122
            ]
          ],
          [
            [
              135.5175467,
              34.8095089
            ],
            [
              135.5175698,
              34.8094651
            ],
            [
              135.5177131,
              34.8092466
            ],
            [
              135.5179145,
              34.8089579
            ]
          ],
          [
            [
              135.5160843,
              34.8112252
            ],
            [
              135.5161629,
              34.8111118
            ],
            [
              135.5172122,
              34.8095457
            ],
            [
              135.5172999,
              34.8094072
            ]
          ],
          [
            [
              135.5159992,
              34.8111875
            ],
            [
              135.5158902,
              34.8113528
            ],
            [
              135.5156319,
              34.8117597
            ],
            [
              135.5154143,
              34.8121338
            ],
            [
              135.5143697,
              34.8141922
            ],
            [
              135.5137795,
              34.8153194
            ],
            [
              135.5135137,
              34.8158501
            ],
            [
              135.5134461,
              34.8159822
            ]
          ],
          [
            [
              135.5182388,
              34.8084567
            ],
            [
              135.5185424,
              34.8079822
            ],
            [
              135.5185592,
              34.8079609
            ],
            [
              135.5185786,
              34.8079405
            ],
            [
              135.5185991,
              34.8079218
            ],
            [
              135.5186153,
              34.8079108
            ],
            [
              135.5186457,
              34.8078956
            ],
            [
              135.5186782,
              34.807881
            ],
            [
              135.5187054,
              34.8078703
            ],
            [
              135.5187304,
              34.807862
            ],
            [
              135.5187513,
              34.8078486
            ],
            [
              135.5187756,
              34.8078313
            ]
          ],
          [
            [
              135.5182388,
              34.8084567
            ],
            [
              135.518096,
              34.8086787
            ],
            [
              135.5179902,
              34.8088495
            ],
            [
              135.5179145,
              34.8089579
            ]
          ],
          [
            [
              135.5134461,
              34.8159822
            ],
            [
              135.5133811,
              34.8161071
            ],
            [
              135.5122508,
              34.8183151
            ],
            [
              135.5118921,
              34.819041
            ],
            [
              135.5109128,
              34.8210003
            ],
            [
              135.5108756,
              34.8211151
            ]
          ],
          [
            [
              135.5135355,
              34.8160144
            ],
            [
              135.5136036,
              34.8158818
            ],
            [
              135.5137002,
              34.8156948
            ],
            [
              135.5146045,
              34.8139167
            ],
            [
              135.5155153,
              34.8121453
            ],
            [
              135.5157251,
              34.8117828
            ],
            [
              135.5159681,
              34.8113985
            ],
            [
              135.5160843,
              34.8112252
            ]
          ],
          [
            [
              135.5198374,
              34.8061742
            ],
            [
              135.5194895,
              34.8067065
            ]
          ],
          [
            [
              135.5194895,
              34.8067065
            ],
            [
              135.5194325,
              34.806812
            ],
            [
              135.5191296,
              34.8073048
            ]
          ],
          [
            [
              135.5187756,
              34.8078313
            ],
            [
              135.5188009,
              34.8078081
            ],
            [
              135.5188271,
              34.8077819
            ],
            [
              135.5188483,
              34.8077547
            ],
            [
              135.5188867,
              34.8077021
            ],
            [
              135.5189253,
              34.8076448
            ],
            [
              135.5189961,
              34.8075293
            ],
            [
              135.5190675,
              34.8074188
            ],
            [
              135.5191296,
              34.8073048
            ]
          ],
          [
            [
              135.5044499,
              34.8280529
            ],
            [
              135.5045325,
              34.8280152
            ],
            [
              135.5049567,
              34.8277921
            ],
            [
              135.5051726,
              34.8276615
            ],
            [
              135.5053521,
              34.8275536
            ],
            [
              135.5058285,
              34.8272364
            ],
            [
              135.5062935,
              34.8268961
            ],
            [
              135.5066582,
              34.8266026
            ],
            [
              135.5069623,
              34.8263203
            ],
            [
              135.5082844,
              34.8251
            ],
            [
              135.5084964,
              34.8248931
            ],
            [
              135.5088399,
              34.8245344
            ]
          ],
          [
            [
              135.5044499,
              34.8280529
            ],
            [
              135.5043299,
              34.8281096
            ],
            [
              135.5039593,
              34.8282818
            ],
            [
              135.5038498,
              34.8283264
            ]
          ],
          [
            [
              135.503425,
              34.82851
            ],
            [
              135.5034857,
              34.82848
            ]
          ],
          [
            [
              135.503425,
              34.82851
            ],
            [
              135.5031215,
              34.8286472
            ]
          ],
          [
            [
              135.5026276,
              34.8288589
            ],
            [
              135.5027653,
              34.8287999
            ]
          ],
          [
            [
              135.5108756,
              34.8211151
            ],
            [
              135.5109841,
              34.8210262
            ],
            [
              135.5112747,
              34.8204702
            ],
            [
              135.5114903,
              34.8200684
            ],
            [
              135.5115962,
              34.8198603
            ],
            [
              135.511902,
              34.8192492
            ],
            [
              135.5121608,
              34.8187329
            ],
            [
              135.5126133,
              34.8178457
            ],
            [
              135.5128521,
              34.8173471
            ],
            [
              135.5129137,
              34.8172186
            ],
            [
              135.513187,
              34.8166527
            ],
            [
              135.51347,
              34.8161356
            ],
            [
              135.5135355,
              34.8160144
            ]
          ],
          [
            [
              135.5092606,
              34.8240213
            ],
            [
              135.5091159,
              34.8242089
            ],
            [
              135.5088399,
              34.8245344
            ]
          ],
          [
            [
              135.5173183,
              34.8093122
            ],
            [
              135.5172373,
              34.8093474
            ]
          ],
          [
            [
              135.5027653,
              34.8287999
            ],
            [
              135.5031215,
              34.8286472
            ]
          ],
          [
            [
              135.5034857,
              34.82848
            ],
            [
              135.5036851,
              34.8283934
            ],
            [
              135.5038498,
              34.8283264
            ]
          ],
          [
            [
              135.5172373,
              34.8093474
            ],
            [
              135.51712,
              34.8095089
            ],
            [
              135.5160768,
              34.8110723
            ],
            [
              135.5159992,
              34.8111875
            ]
          ]
        ]
      }
    },
    {
      "type": "Feature",
      "properties": {
        "name": "南千里茨木停車場線",
        "category": "地域緊急交通路（府）",
        "geometry_quality": "osm_name_match",
        "geometry_source": "OpenStreetMap road geometry matched by official route name"
      },
      "geometry": {
        "type": "MultiLineString",
        "coordinates": [
          [
            [
              135.5147758,
              34.8034855
            ],
            [
              135.5148003,
              34.803344
            ],
            [
              135.514838,
              34.8031378
            ],
            [
              135.5148785,
              34.8029014
            ],
            [
              135.5149172,
              34.802577
            ]
          ],
          [
            [
              135.5149172,
              34.802577
            ],
            [
              135.5149238,
              34.8025264
            ],
            [
              135.514919,
              34.8022277
            ],
            [
              135.5148907,
              34.8019727
            ],
            [
              135.5148026,
              34.8015714
            ],
            [
              135.5146657,
              34.8011958
            ],
            [
              135.5145348,
              34.8009179
            ],
            [
              135.5143591,
              34.8006452
            ],
            [
              135.5141767,
              34.8004008
            ],
            [
              135.5131214,
              34.7991669
            ],
            [
              135.5130129,
              34.7990421
            ]
          ],
          [
            [
              135.5130129,
              34.7990421
            ],
            [
              135.5129253,
              34.7989414
            ],
            [
              135.5120943,
              34.7979977
            ],
            [
              135.5117431,
              34.7975022
            ],
            [
              135.5116718,
              34.797387
            ]
          ],
          [
            [
              135.5386092,
              34.8130299
            ],
            [
              135.5387029,
              34.8130042
            ],
            [
              135.5387525,
              34.812999
            ],
            [
              135.5388249,
              34.8130229
            ],
            [
              135.5388794,
              34.8130568
            ],
            [
              135.5391026,
              34.8131655
            ],
            [
              135.5391865,
              34.8131955
            ],
            [
              135.5392943,
              34.8132231
            ],
            [
              135.5394086,
              34.8132441
            ],
            [
              135.5395726,
              34.8132558
            ],
            [
              135.5400702,
              34.8132407
            ],
            [
              135.5404172,
              34.8132564
            ],
            [
              135.5406388,
              34.8132808
            ],
            [
              135.5408566,
              34.8133157
            ],
            [
              135.5412984,
              34.8134277
            ],
            [
              135.5415295,
              34.8134587
            ]
          ],
          [
            [
              135.5148244,
              34.8055613
            ],
            [
              135.5148353,
              34.8056559
            ],
            [
              135.5148403,
              34.8056971
            ],
            [
              135.5148947,
              34.8062419
            ],
            [
              135.5149536,
              34.8067119
            ],
            [
              135.5149835,
              34.8068755
            ],
            [
              135.5150247,
              34.8070508
            ],
            [
              135.5150863,
              34.8072118
            ],
            [
              135.5152238,
              34.807462
            ],
            [
              135.5154097,
              34.8077054
            ],
            [
              135.5155296,
              34.8078228
            ],
            [
              135.5160378,
              34.8082819
            ],
            [
              135.5162252,
              34.808454
            ],
            [
              135.5166403,
              34.8088257
            ],
            [
              135.5166984,
              34.808877
            ],
            [
              135.5167991,
              34.8089637
            ],
            [
              135.5168357,
              34.8089954
            ]
          ],
          [
            [
              135.5208541,
              34.8091797
            ],
            [
              135.5207319,
              34.8092656
            ],
            [
              135.5205506,
              34.8093872
            ],
            [
              135.5205065,
              34.8094078
            ],
            [
              135.5203091,
              34.8094833
            ],
            [
              135.5200832,
              34.809556
            ],
            [
              135.5199737,
              34.8095713
            ],
            [
              135.51966,
              34.809577
            ],
            [
              135.519403,
              34.8095781
            ],
            [
              135.5191976,
              34.8095778
            ],
            [
              135.5190403,
              34.8095894
            ],
            [
              135.5188948,
              34.8096258
            ],
            [
              135.5187527,
              34.8096822
            ],
            [
              135.5186069,
              34.8097668
            ],
            [
              135.5183546,
              34.8099283
            ],
            [
              135.5182457,
              34.8099567
            ],
            [
              135.5181411,
              34.8099534
            ],
            [
              135.5180676,
              34.8099318
            ],
            [
              135.5179892,
              34.8098942
            ],
            [
              135.5178949,
              34.8098212
            ],
            [
              135.5176441,
              34.8095961
            ],
            [
              135.5175467,
              34.8095089
            ]
          ],
          [
            [
              135.5112865,
              34.7941636
            ],
            [
              135.511304,
              34.794019
            ],
            [
              135.5113915,
              34.7931305
            ],
            [
              135.5113419,
              34.7929806
            ]
          ],
          [
            [
              135.5415295,
              34.8134587
            ],
            [
              135.5413264,
              34.8133549
            ],
            [
              135.5408899,
              34.8132319
            ],
            [
              135.5406494,
              34.8131953
            ],
            [
              135.5404216,
              34.8131672
            ],
            [
              135.5402509,
              34.8131584
            ],
            [
              135.53992,
              34.8131567
            ],
            [
              135.5395384,
              34.8131686
            ],
            [
              135.5394274,
              34.8131592
            ],
            [
              135.5393735,
              34.8131515
            ],
            [
              135.539221,
              34.8131152
            ],
            [
              135.5391116,
              34.8130741
            ],
            [
              135.5389477,
              34.8129904
            ],
            [
              135.5388897,
              34.8129502
            ],
            [
              135.5388583,
              34.8129041
            ],
            [
              135.5388459,
              34.8128658
            ],
            [
              135.5388441,
              34.812822
            ],
            [
              135.5388687,
              34.8127528
            ]
          ],
          [
            [
              135.5168357,
              34.8089954
            ],
            [
              135.5170782,
              34.8092101
            ],
            [
              135.5172373,
              34.8093474
            ]
          ],
          [
            [
              135.5111389,
              34.7945431
            ],
            [
              135.5111246,
              34.794656
            ]
          ],
          [
            [
              135.5112352,
              34.7948093
            ],
            [
              135.5112758,
              34.7942821
            ],
            [
              135.5112865,
              34.7941636
            ]
          ],
          [
            [
              135.5116718,
              34.797387
            ],
            [
              135.5116012,
              34.7972488
            ],
            [
              135.5114093,
              34.7967914
            ],
            [
              135.5112634,
              34.7962083
            ],
            [
              135.511211,
              34.7958296
            ],
            [
              135.511199,
              34.7954381
            ],
            [
              135.5112352,
              34.7948093
            ]
          ],
          [
            [
              135.5115543,
              34.7974305
            ],
            [
              135.5116361,
              34.7975431
            ],
            [
              135.5119884,
              34.7980564
            ],
            [
              135.512823,
              34.7990072
            ],
            [
              135.5129049,
              34.7991007
            ]
          ],
          [
            [
              135.5129049,
              34.7991007
            ],
            [
              135.5130213,
              34.7992336
            ],
            [
              135.5140886,
              34.8004386
            ],
            [
              135.51427,
              34.8006737
            ],
            [
              135.5144366,
              34.8009443
            ],
            [
              135.5145697,
              34.8012162
            ],
            [
              135.5147011,
              34.8015762
            ],
            [
              135.5147654,
              34.8018274
            ],
            [
              135.5148064,
              34.8020718
            ],
            [
              135.5148202,
              34.8022857
            ],
            [
              135.5148279,
              34.8025243
            ],
            [
              135.5148243,
              34.802575
            ]
          ],
          [
            [
              135.5146847,
              34.8034783
            ],
            [
              135.5146731,
              34.8036156
            ],
            [
              135.5146662,
              34.8038342
            ],
            [
              135.5146671,
              34.8039904
            ],
            [
              135.5146806,
              34.8042576
            ],
            [
              135.5146885,
              34.8043743
            ],
            [
              135.5147114,
              34.8045684
            ],
            [
              135.5148196,
              34.8054869
            ],
            [
              135.5148244,
              34.8055613
            ]
          ],
          [
            [
              135.5148243,
              34.802575
            ],
            [
              135.5147783,
              34.8029109
            ],
            [
              135.5146984,
              34.8033323
            ],
            [
              135.5146847,
              34.8034783
            ]
          ],
          [
            [
              135.5175056,
              34.8095952
            ],
            [
              135.5175645,
              34.8096508
            ],
            [
              135.5178634,
              34.809927
            ],
            [
              135.5179124,
              34.8100222
            ],
            [
              135.5179442,
              34.8101016
            ],
            [
              135.5179555,
              34.8101956
            ],
            [
              135.51795,
              34.8102755
            ],
            [
              135.5179241,
              34.8103631
            ],
            [
              135.5178749,
              34.8104426
            ],
            [
              135.5177164,
              34.8106558
            ],
            [
              135.5176686,
              34.810748
            ],
            [
              135.5176454,
              34.8108378
            ],
            [
              135.5176415,
              34.8109255
            ],
            [
              135.5176518,
              34.8109998
            ],
            [
              135.5176869,
              34.8110946
            ],
            [
              135.5177384,
              34.8111832
            ],
            [
              135.5178181,
              34.8112628
            ],
            [
              135.5184193,
              34.8117714
            ],
            [
              135.5184562,
              34.8118003
            ],
            [
              135.5185417,
              34.811869
            ],
            [
              135.5186429,
              34.8119285
            ],
            [
              135.518748,
              34.8119755
            ],
            [
              135.5188553,
              34.8120077
            ],
            [
              135.518981,
              34.8120321
            ],
            [
              135.5191149,
              34.8120455
            ],
            [
              135.5203938,
              34.8120486
            ],
            [
              135.5205707,
              34.812071
            ],
            [
              135.5208161,
              34.8121289
            ],
            [
              135.5209125,
              34.8121256
            ],
            [
              135.5209689,
              34.8121277
            ],
            [
              135.5211648,
              34.8121856
            ]
          ],
          [
            [
              135.5149156,
              34.8055571
            ],
            [
              135.5149083,
              34.8054807
            ],
            [
              135.5148575,
              34.8050117
            ],
            [
              135.5148286,
              34.8047722
            ],
            [
              135.5147826,
              34.8043691
            ],
            [
              135.5147682,
              34.8042546
            ],
            [
              135.514752,
              34.803943
            ],
            [
              135.5147548,
              34.8037363
            ],
            [
              135.5147593,
              34.8036211
            ],
            [
              135.5147758,
              34.8034855
            ]
          ],
          [
            [
              135.5168479,
              34.8088906
            ],
            [
              135.5168188,
              34.8088676
            ],
            [
              135.5167171,
              34.8087802
            ],
            [
              135.5165578,
              34.8086308
            ],
            [
              135.5157305,
              34.8078813
            ],
            [
              135.5154932,
              34.8076586
            ],
            [
              135.5154467,
              34.8076077
            ],
            [
              135.5154238,
              34.8075822
            ],
            [
              135.5153982,
              34.8075485
            ],
            [
              135.5153248,
              34.8074463
            ],
            [
              135.5152943,
              34.8074008
            ],
            [
              135.5151829,
              34.8071844
            ],
            [
              135.515124,
              34.8070318
            ],
            [
              135.5150855,
              34.8068719
            ],
            [
              135.5150551,
              34.8067188
            ],
            [
              135.5149943,
              34.8062426
            ],
            [
              135.5149255,
              34.8056936
            ],
            [
              135.5149226,
              34.8056526
            ],
            [
              135.5149156,
              34.8055571
            ]
          ],
          [
            [
              135.5111246,
              34.794656
            ],
            [
              135.5110947,
              34.7950572
            ],
            [
              135.5110727,
              34.7953514
            ],
            [
              135.511079,
              34.7958433
            ],
            [
              135.5111159,
              34.7961476
            ],
            [
              135.5112267,
              34.796608
            ],
            [
              135.5113386,
              34.7969672
            ],
            [
              135.5114769,
              34.7972803
            ],
            [
              135.5115543,
              34.7974305
            ]
          ],
          [
            [
              135.5113419,
              34.7929806
            ],
            [
              135.5112864,
              34.7931279
            ],
            [
              135.5112094,
              34.7940153
            ],
            [
              135.5111902,
              34.794159
            ]
          ],
          [
            [
              135.5111661,
              34.794346
            ],
            [
              135.5111389,
              34.7945431
            ]
          ],
          [
            [
              135.5111902,
              34.794159
            ],
            [
              135.5111741,
              34.7942782
            ],
            [
              135.5111661,
              34.794346
            ]
          ],
          [
            [
              135.5173183,
              34.8093122
            ],
            [
              135.5172031,
              34.8092082
            ],
            [
              135.5171492,
              34.8091601
            ],
            [
              135.5168479,
              34.8088906
            ]
          ],
          [
            [
              135.5172373,
              34.8093474
            ],
            [
              135.5172999,
              34.8094072
            ]
          ]
        ]
      }
    },
    {
      "type": "Feature",
      "properties": {
        "name": "（旧）大阪中央環状線",
        "category": "地域緊急交通路（府）",
        "geometry_quality": "osm_name_match",
        "geometry_source": "OpenStreetMap road geometry matched by official route name"
      },
      "geometry": {
        "type": "MultiLineString",
        "coordinates": [
          [
            [
              135.5197703,
              34.8051783
            ],
            [
              135.5194913,
              34.805273
            ],
            [
              135.5185957,
              34.8055956
            ],
            [
              135.5184705,
              34.8056146
            ],
            [
              135.5181382,
              34.8056022
            ],
            [
              135.517773,
              34.8055719
            ],
            [
              135.517665,
              34.8055637
            ],
            [
              135.5175705,
              34.8055598
            ],
            [
              135.5173337,
              34.8055564
            ],
            [
              135.5170782,
              34.8055596
            ]
          ],
          [
            [
              135.5197703,
              34.8051783
            ],
            [
              135.5198567,
              34.8051324
            ],
            [
              135.5199252,
              34.8050847
            ],
            [
              135.5200446,
              34.8049995
            ],
            [
              135.5201596,
              34.8049037
            ],
            [
              135.520189,
              34.8048743
            ],
            [
              135.5202071,
              34.8048523
            ],
            [
              135.520246,
              34.8048107
            ],
            [
              135.5203083,
              34.8047449
            ],
            [
              135.5203586,
              34.8047031
            ],
            [
              135.5204346,
              34.8047047
            ]
          ],
          [
            [
              135.5170782,
              34.8055596
            ],
            [
              135.5170012,
              34.8055634
            ],
            [
              135.5167445,
              34.8055544
            ]
          ],
          [
            [
              135.5091936,
              34.8061303
            ],
            [
              135.5114651,
              34.8058986
            ],
            [
              135.5116786,
              34.8058801
            ],
            [
              135.5118562,
              34.8058596
            ]
          ],
          [
            [
              135.5091936,
              34.8061303
            ],
            [
              135.5086044,
              34.8061938
            ],
            [
              135.5085931,
              34.806195
            ],
            [
              135.5085294,
              34.8062001
            ],
            [
              135.5084865,
              34.8061982
            ]
          ],
          [
            [
              135.5217777,
              34.8021097
            ],
            [
              135.5216129,
              34.8022434
            ],
            [
              135.5214165,
              34.8024389
            ],
            [
              135.5212999,
              34.8025951
            ],
            [
              135.5212053,
              34.8027488
            ],
            [
              135.5211684,
              34.8028097
            ]
          ],
          [
            [
              135.5217777,
              34.8021097
            ],
            [
              135.5226717,
              34.8015803
            ],
            [
              135.5227989,
              34.8015044
            ],
            [
              135.5229401,
              34.8014209
            ]
          ],
          [
            [
              135.5331099,
              34.7930705
            ],
            [
              135.5330141,
              34.7930852
            ],
            [
              135.5328336,
              34.7931129
            ],
            [
              135.5325746,
              34.7931732
            ]
          ],
          [
            [
              135.5331099,
              34.7930705
            ],
            [
              135.5331987,
              34.7930772
            ],
            [
              135.5334905,
              34.7930861
            ],
            [
              135.5337355,
              34.7931393
            ],
            [
              135.534022,
              34.7932145
            ]
          ],
          [
            [
              135.5352986,
              34.7934051
            ],
            [
              135.5355071,
              34.7933915
            ]
          ],
          [
            [
              135.5352986,
              34.7934051
            ],
            [
              135.5350026,
              34.7934222
            ],
            [
              135.5347836,
              34.7934037
            ],
            [
              135.534518,
              34.7933436
            ],
            [
              135.5343149,
              34.7932895
            ]
          ],
          [
            [
              135.529138,
              34.7949286
            ],
            [
              135.52901,
              34.7949984
            ],
            [
              135.5287103,
              34.7951545
            ],
            [
              135.528457,
              34.7952945
            ],
            [
              135.5282986,
              34.7953854
            ],
            [
              135.5280964,
              34.7955432
            ]
          ],
          [
            [
              135.529138,
              34.7949286
            ],
            [
              135.5293051,
              34.7948392
            ],
            [
              135.5306901,
              34.7941189
            ]
          ],
          [
            [
              135.5358802,
              34.793383
            ],
            [
              135.5359903,
              34.7933897
            ]
          ],
          [
            [
              135.5148244,
              34.8055613
            ],
            [
              135.5149156,
              34.8055571
            ]
          ],
          [
            [
              135.5148244,
              34.8055613
            ],
            [
              135.514721,
              34.8055661
            ],
            [
              135.5146506,
              34.8055912
            ]
          ],
          [
            [
              135.5204346,
              34.8047047
            ],
            [
              135.5204545,
              34.8045831
            ],
            [
              135.5204951,
              34.8044375
            ],
            [
              135.5205463,
              34.8042302
            ],
            [
              135.5206134,
              34.8040499
            ]
          ],
          [
            [
              135.506595,
              34.8053641
            ],
            [
              135.5065356,
              34.8053493
            ],
            [
              135.5064617,
              34.8053365
            ],
            [
              135.506382,
              34.80533
            ],
            [
              135.5062837,
              34.8053269
            ],
            [
              135.5056356,
              34.8053209
            ],
            [
              135.5054576,
              34.8053168
            ]
          ],
          [
            [
              135.506595,
              34.8053641
            ],
            [
              135.5066706,
              34.8053836
            ],
            [
              135.5068104,
              34.8054469
            ],
            [
              135.5074782,
              34.8057492
            ]
          ],
          [
            [
              135.5084865,
              34.8061982
            ],
            [
              135.5084483,
              34.8061897
            ],
            [
              135.5084049,
              34.8061721
            ],
            [
              135.5076972,
              34.805844
            ],
            [
              135.5074782,
              34.8057492
            ]
          ],
          [
            [
              135.5054576,
              34.8053168
            ],
            [
              135.5052986,
              34.8053045
            ],
            [
              135.5050915,
              34.8052884
            ],
            [
              135.5046417,
              34.8052088
            ]
          ],
          [
            [
              135.5265444,
              34.7970484
            ],
            [
              135.5263701,
              34.7972896
            ],
            [
              135.5262218,
              34.7975231
            ]
          ],
          [
            [
              135.5265444,
              34.7970484
            ],
            [
              135.5268744,
              34.7966828
            ],
            [
              135.5276385,
              34.795953
            ]
          ],
          [
            [
              135.5252145,
              34.7994598
            ],
            [
              135.5249795,
              34.7998821
            ]
          ],
          [
            [
              135.5252145,
              34.7994598
            ],
            [
              135.5253755,
              34.7991401
            ],
            [
              135.5254236,
              34.7990464
            ],
            [
              135.5255157,
              34.7988671
            ],
            [
              135.5255775,
              34.7987483
            ],
            [
              135.5256445,
              34.798622
            ],
            [
              135.5256954,
              34.7985211
            ],
            [
              135.5257798,
              34.7983509
            ],
            [
              135.5259068,
              34.7980974
            ],
            [
              135.5259634,
              34.7979896
            ]
          ],
          [
            [
              135.5249795,
              34.7998821
            ],
            [
              135.5248702,
              34.8000337
            ],
            [
              135.524828,
              34.8000847
            ]
          ],
          [
            [
              135.5308663,
              34.7940319
            ],
            [
              135.5307907,
              34.7940662
            ],
            [
              135.5306901,
              34.7941189
            ]
          ],
          [
            [
              135.5308663,
              34.7940319
            ],
            [
              135.5309669,
              34.793986
            ],
            [
              135.5321038,
              34.793399
            ]
          ],
          [
            [
              135.5259634,
              34.7979896
            ],
            [
              135.5260187,
              34.797892
            ],
            [
              135.526171,
              34.7976081
            ],
            [
              135.5262218,
              34.7975231
            ]
          ],
          [
            [
              135.524828,
              34.8000847
            ],
            [
              135.5247758,
              34.8001444
            ],
            [
              135.5246868,
              34.8002397
            ],
            [
              135.5244718,
              34.8004472
            ]
          ],
          [
            [
              135.5211684,
              34.8028097
            ],
            [
              135.521131,
              34.8028914
            ],
            [
              135.5208591,
              34.8035045
            ],
            [
              135.520812,
              34.8036112
            ]
          ],
          [
            [
              135.5146506,
              34.8055912
            ],
            [
              135.5129612,
              34.8057561
            ]
          ],
          [
            [
              135.5129612,
              34.8057561
            ],
            [
              135.5125074,
              34.8058015
            ],
            [
              135.5118562,
              34.8058596
            ]
          ],
          [
            [
              135.5206134,
              34.8040499
            ],
            [
              135.5206519,
              34.8039654
            ],
            [
              135.5207683,
              34.8037098
            ],
            [
              135.520812,
              34.8036112
            ]
          ],
          [
            [
              135.5359979,
              34.7932689
            ],
            [
              135.5358883,
              34.7932822
            ]
          ],
          [
            [
              135.5358883,
              34.7932822
            ],
            [
              135.5357281,
              34.7933128
            ],
            [
              135.5356255,
              34.7933349
            ],
            [
              135.5352986,
              34.7934051
            ]
          ],
          [
            [
              135.5280964,
              34.7955432
            ],
            [
              135.5276385,
              34.795953
            ]
          ],
          [
            [
              135.5229401,
              34.8014209
            ],
            [
              135.5230286,
              34.8013665
            ],
            [
              135.5233773,
              34.8011569
            ]
          ],
          [
            [
              135.5167445,
              34.8055544
            ],
            [
              135.5162298,
              34.805538
            ]
          ],
          [
            [
              135.5325746,
              34.7931732
            ],
            [
              135.5321038,
              34.793399
            ]
          ],
          [
            [
              135.5149156,
              34.8055571
            ],
            [
              135.5149961,
              34.805539
            ],
            [
              135.5152832,
              34.8055344
            ],
            [
              135.5154291,
              34.8055511
            ],
            [
              135.515544,
              34.8055477
            ],
            [
              135.5155618,
              34.8055472
            ]
          ],
          [
            [
              135.5355071,
              34.7933915
            ],
            [
              135.5357343,
              34.7933877
            ],
            [
              135.5358802,
              34.793383
            ]
          ],
          [
            [
              135.5162298,
              34.805538
            ],
            [
              135.5161113,
              34.8055299
            ],
            [
              135.5158639,
              34.8055306
            ],
            [
              135.5156782,
              34.8055356
            ],
            [
              135.5155618,
              34.8055472
            ]
          ],
          [
            [
              135.5343149,
              34.7932895
            ],
            [
              135.534022,
              34.7932145
            ]
          ],
          [
            [
              135.5235402,
              34.8010683
            ],
            [
              135.5233773,
              34.8011569
            ]
          ],
          [
            [
              135.5235402,
              34.8010683
            ],
            [
              135.5240463,
              34.8007656
            ],
            [
              135.5242827,
              34.8006027
            ],
            [
              135.5244718,
              34.8004472
            ]
          ],
          [
            [
              135.5155618,
              34.8055472
            ],
            [
              135.5156532,
              34.8055607
            ],
            [
              135.5157137,
              34.8055802
            ],
            [
              135.5158022,
              34.8056077
            ],
            [
              135.5159611,
              34.8056193
            ],
            [
              135.5161116,
              34.8056167
            ],
            [
              135.5161536,
              34.8056154
            ],
            [
              135.5162061,
              34.8056096
            ],
            [
              135.5162502,
              34.8056068
            ],
            [
              135.5163152,
              34.8056011
            ]
          ],
          [
            [
              135.5163152,
              34.8056011
            ],
            [
              135.5164433,
              34.8055895
            ],
            [
              135.5167445,
              34.8055544
            ]
          ]
        ]
      }
    },
    {
      "type": "Feature",
      "properties": {
        "name": "豊中摂津線",
        "category": "地域緊急交通路（府）",
        "geometry_quality": "osm_name_match",
        "geometry_source": "OpenStreetMap road geometry matched by official route name"
      },
      "geometry": {
        "type": "MultiLineString",
        "coordinates": [
          [
            [
              135.5044424,
              34.7864173
            ],
            [
              135.5042379,
              34.7863701
            ],
            [
              135.503456,
              34.7862556
            ],
            [
              135.5031639,
              34.7862369
            ],
            [
              135.502717,
              34.7861851
            ],
            [
              135.5021444,
              34.786129
            ],
            [
              135.5015797,
              34.7860861
            ],
            [
              135.5004439,
              34.7860309
            ],
            [
              135.5003244,
              34.7860307
            ],
            [
              135.5001816,
              34.7860348
            ],
            [
              135.5001106,
              34.7860344
            ],
            [
              135.4997253,
              34.7860271
            ],
            [
              135.4995559,
              34.7860194
            ]
          ],
          [
            [
              135.4974975,
              34.7860536
            ],
            [
              135.4970989,
              34.78606
            ]
          ],
          [
            [
              135.5364987,
              34.7854036
            ],
            [
              135.5366059,
              34.785347
            ],
            [
              135.5366766,
              34.7853096
            ]
          ],
          [
            [
              135.5364987,
              34.7854036
            ],
            [
              135.5363959,
              34.7854514
            ],
            [
              135.5362521,
              34.7855182
            ]
          ],
          [
            [
              135.5344002,
              34.7859886
            ],
            [
              135.5346314,
              34.7859442
            ],
            [
              135.5354683,
              34.7857627
            ],
            [
              135.5356648,
              34.7857149
            ]
          ],
          [
            [
              135.5344002,
              34.7859886
            ],
            [
              135.5342399,
              34.7860278
            ],
            [
              135.5340501,
              34.7860663
            ]
          ],
          [
            [
              135.5293309,
              34.7889017
            ],
            [
              135.529208,
              34.7889712
            ],
            [
              135.5286608,
              34.7892659
            ],
            [
              135.5282322,
              34.7894585
            ],
            [
              135.5277989,
              34.7896273
            ],
            [
              135.527721,
              34.7896606
            ]
          ],
          [
            [
              135.5293309,
              34.7889017
            ],
            [
              135.5294494,
              34.7888347
            ],
            [
              135.5295621,
              34.7887578
            ]
          ],
          [
            [
              135.527721,
              34.7896606
            ],
            [
              135.5276533,
              34.7896839
            ],
            [
              135.5274366,
              34.7897583
            ],
            [
              135.5271112,
              34.7898555
            ]
          ],
          [
            [
              135.5271112,
              34.7898555
            ],
            [
              135.5265185,
              34.7900067
            ],
            [
              135.5263688,
              34.7900401
            ],
            [
              135.5259208,
              34.7901199
            ],
            [
              135.52566,
              34.7901607
            ],
            [
              135.5252758,
              34.790213
            ],
            [
              135.5251081,
              34.7902313
            ]
          ],
          [
            [
              135.5251081,
              34.7902313
            ],
            [
              135.5249131,
              34.7902578
            ],
            [
              135.5242237,
              34.7903475
            ]
          ],
          [
            [
              135.5153871,
              34.792164
            ],
            [
              135.5155392,
              34.7920953
            ],
            [
              135.5160159,
              34.791905
            ],
            [
              135.5163105,
              34.7918127
            ],
            [
              135.5166103,
              34.7917336
            ],
            [
              135.5171467,
              34.7916216
            ],
            [
              135.5173965,
              34.7915898
            ],
            [
              135.5176813,
              34.7915696
            ],
            [
              135.5179684,
              34.7915566
            ]
          ],
          [
            [
              135.5153871,
              34.792164
            ],
            [
              135.5152485,
              34.7922355
            ],
            [
              135.5145577,
              34.7926322
            ],
            [
              135.514388,
              34.7927177
            ],
            [
              135.514273,
              34.7927735
            ]
          ],
          [
            [
              135.514273,
              34.7927735
            ],
            [
              135.5141423,
              34.7928185
            ],
            [
              135.5137982,
              34.7929369
            ],
            [
              135.5134603,
              34.7930067
            ]
          ],
          [
            [
              135.5134603,
              34.7930067
            ],
            [
              135.513022,
              34.7930576
            ],
            [
              135.5125916,
              34.7930589
            ],
            [
              135.5115344,
              34.7930059
            ],
            [
              135.5113419,
              34.7929806
            ]
          ],
          [
            [
              135.5078465,
              34.7928191
            ],
            [
              135.5079504,
              34.7928281
            ]
          ],
          [
            [
              135.4988707,
              34.7860094
            ],
            [
              135.4983255,
              34.7860155
            ],
            [
              135.4979803,
              34.7860414
            ],
            [
              135.4976228,
              34.7860491
            ],
            [
              135.4974975,
              34.7860536
            ]
          ],
          [
            [
              135.4995559,
              34.7860194
            ],
            [
              135.4994154,
              34.7860102
            ],
            [
              135.4988707,
              34.7860094
            ]
          ],
          [
            [
              135.5316959,
              34.7873122
            ],
            [
              135.5323073,
              34.7868882
            ]
          ],
          [
            [
              135.5316959,
              34.7873122
            ],
            [
              135.5314785,
              34.7874561
            ],
            [
              135.5312858,
              34.7875885
            ],
            [
              135.531226,
              34.7876296
            ]
          ],
          [
            [
              135.5179684,
              34.7915566
            ],
            [
              135.5182779,
              34.791535
            ],
            [
              135.5184915,
              34.7915189
            ],
            [
              135.5189203,
              34.7914608
            ],
            [
              135.5193633,
              34.7913822
            ],
            [
              135.5201002,
              34.7911808
            ],
            [
              135.5205036,
              34.7910639
            ],
            [
              135.5206286,
              34.7910269
            ]
          ],
          [
            [
              135.5206286,
              34.7910269
            ],
            [
              135.5207524,
              34.7909872
            ],
            [
              135.5210622,
              34.790905
            ],
            [
              135.5217299,
              34.7907333
            ],
            [
              135.5221644,
              34.7906326
            ],
            [
              135.5226393,
              34.7905481
            ],
            [
              135.5236859,
              34.790409
            ],
            [
              135.5238703,
              34.7903881
            ],
            [
              135.5241279,
              34.7903585
            ],
            [
              135.5242237,
              34.7903475
            ]
          ],
          [
            [
              135.5380088,
              34.7841892
            ],
            [
              135.5378969,
              34.7843028
            ],
            [
              135.5374852,
              34.7846982
            ],
            [
              135.537284,
              34.7848827
            ],
            [
              135.5370217,
              34.7850903
            ],
            [
              135.5366766,
              34.7853096
            ]
          ],
          [
            [
              135.5079504,
              34.7928281
            ],
            [
              135.5081283,
              34.792843
            ],
            [
              135.5091376,
              34.7929097
            ],
            [
              135.5094102,
              34.7929268
            ],
            [
              135.5111333,
              34.793007
            ],
            [
              135.5113419,
              34.7929806
            ]
          ],
          [
            [
              135.5113419,
              34.7929806
            ],
            [
              135.5111394,
              34.7929343
            ],
            [
              135.5094078,
              34.7928315
            ],
            [
              135.5089591,
              34.7928131
            ],
            [
              135.5085841,
              34.7927949
            ],
            [
              135.5081329,
              34.792774
            ],
            [
              135.5079549,
              34.7927614
            ]
          ],
          [
            [
              135.5356648,
              34.7857149
            ],
            [
              135.5359805,
              34.7856261
            ],
            [
              135.5362521,
              34.7855182
            ]
          ],
          [
            [
              135.5330522,
              34.7864248
            ],
            [
              135.5331963,
              34.7863574
            ],
            [
              135.5334262,
              34.7862498
            ],
            [
              135.5336646,
              34.7861718
            ],
            [
              135.5338716,
              34.7861114
            ],
            [
              135.5340233,
              34.7860718
            ],
            [
              135.5340501,
              34.7860663
            ]
          ],
          [
            [
              135.5330522,
              34.7864248
            ],
            [
              135.5329201,
              34.7864886
            ],
            [
              135.5326539,
              34.7866554
            ],
            [
              135.5323073,
              34.7868882
            ]
          ],
          [
            [
              135.531226,
              34.7876296
            ],
            [
              135.5311259,
              34.7876967
            ],
            [
              135.5308387,
              34.7878892
            ]
          ],
          [
            [
              135.5308387,
              34.7878892
            ],
            [
              135.5306387,
              34.7880231
            ]
          ],
          [
            [
              135.5306387,
              34.7880231
            ],
            [
              135.5295621,
              34.7887578
            ]
          ],
          [
            [
              135.4971009,
              34.7861549
            ],
            [
              135.4974987,
              34.7861433
            ]
          ],
          [
            [
              135.4974987,
              34.7861433
            ],
            [
              135.4976292,
              34.7861411
            ],
            [
              135.4986481,
              34.7861103
            ],
            [
              135.4990115,
              34.7860904
            ],
            [
              135.4994132,
              34.7860964
            ],
            [
              135.4995655,
              34.7861019
            ]
          ],
          [
            [
              135.4995655,
              34.7861019
            ],
            [
              135.4997232,
              34.7861076
            ],
            [
              135.5003889,
              34.7861213
            ],
            [
              135.5009186,
              34.7861301
            ],
            [
              135.5014524,
              34.7861598
            ],
            [
              135.5021337,
              34.7862039
            ],
            [
              135.5026915,
              34.7862556
            ],
            [
              135.5031945,
              34.7863217
            ],
            [
              135.5033913,
              34.7863448
            ],
            [
              135.5042278,
              34.7864431
            ],
            [
              135.5044325,
              34.7864881
            ]
          ]
        ]
      }
    },
    {
      "type": "Feature",
      "properties": {
        "name": "吹田箕面線",
        "category": "地域緊急交通路（府）",
        "geometry_quality": "osm_name_match",
        "geometry_source": "OpenStreetMap road geometry matched by official route name"
      },
      "geometry": {
        "type": "MultiLineString",
        "coordinates": [
          [
            [
              135.5021236,
              34.8290745
            ],
            [
              135.5020575,
              34.8289573
            ],
            [
              135.5018607,
              34.8286936
            ]
          ],
          [
            [
              135.5088958,
              34.7639916
            ],
            [
              135.5088878,
              34.7640628
            ],
            [
              135.5088478,
              34.7642208
            ],
            [
              135.5088115,
              34.7643606
            ],
            [
              135.5087831,
              34.7644482
            ],
            [
              135.5087594,
              34.7645034
            ],
            [
              135.5087252,
              34.7645574
            ],
            [
              135.5086677,
              34.7646401
            ],
            [
              135.508569,
              34.7647766
            ],
            [
              135.5084825,
              34.7649016
            ],
            [
              135.5084503,
              34.7649523
            ],
            [
              135.50843,
              34.764991
            ],
            [
              135.508334,
              34.765209
            ],
            [
              135.5082774,
              34.7653973
            ],
            [
              135.5081562,
              34.7658512
            ],
            [
              135.5081115,
              34.7660475
            ],
            [
              135.5080999,
              34.7661182
            ],
            [
              135.5080969,
              34.7661915
            ]
          ],
          [
            [
              135.5054902,
              34.7987124
            ],
            [
              135.5056181,
              34.7984746
            ],
            [
              135.506213,
              34.7973392
            ],
            [
              135.5063277,
              34.7971229
            ]
          ],
          [
            [
              135.5063277,
              34.7971229
            ],
            [
              135.5064485,
              34.7968955
            ],
            [
              135.5064983,
              34.7967939
            ],
            [
              135.5073519,
              34.7951626
            ],
            [
              135.5075938,
              34.7945874
            ],
            [
              135.5076659,
              34.7944044
            ]
          ],
          [
            [
              135.5055985,
              34.7733436
            ],
            [
              135.5056021,
              34.7733872
            ],
            [
              135.5056068,
              34.7735199
            ],
            [
              135.5056217,
              34.7737385
            ]
          ],
          [
            [
              135.5055985,
              34.7733436
            ],
            [
              135.5055919,
              34.7732568
            ],
            [
              135.5055896,
              34.7732274
            ]
          ],
          [
            [
              135.5056573,
              34.7767299
            ],
            [
              135.5057526,
              34.7772243
            ],
            [
              135.5057991,
              34.7774593
            ],
            [
              135.505807,
              34.7776569
            ],
            [
              135.5057982,
              34.7777863
            ],
            [
              135.5057674,
              34.7779202
            ],
            [
              135.5056441,
              34.7782728
            ]
          ],
          [
            [
              135.5056573,
              34.7767299
            ],
            [
              135.5055085,
              34.775717
            ],
            [
              135.5055054,
              34.7756957
            ]
          ],
          [
            [
              135.5078532,
              34.7902893
            ],
            [
              135.507822,
              34.7901937
            ],
            [
              135.5078097,
              34.7901593
            ],
            [
              135.5077657,
              34.790032
            ],
            [
              135.5077449,
              34.7899803
            ],
            [
              135.5077189,
              34.7899215
            ],
            [
              135.5076695,
              34.7898105
            ],
            [
              135.5075987,
              34.7896677
            ],
            [
              135.5075258,
              34.7895248
            ],
            [
              135.5073797,
              34.7892831
            ],
            [
              135.5072976,
              34.7891623
            ],
            [
              135.5071024,
              34.7888751
            ],
            [
              135.507066,
              34.7888215
            ],
            [
              135.5069139,
              34.7885955
            ],
            [
              135.5068577,
              34.7885174
            ]
          ],
          [
            [
              135.5044424,
              34.7864173
            ],
            [
              135.5044325,
              34.7864881
            ]
          ],
          [
            [
              135.5044424,
              34.7864173
            ],
            [
              135.5043798,
              34.7863315
            ],
            [
              135.5043015,
              34.7862805
            ],
            [
              135.5042239,
              34.7862479
            ]
          ],
          [
            [
              135.5026367,
              34.7846152
            ],
            [
              135.5026527,
              34.7846707
            ]
          ],
          [
            [
              135.5026367,
              34.7846152
            ],
            [
              135.5025677,
              34.7843414
            ]
          ],
          [
            [
              135.5025677,
              34.7830196
            ],
            [
              135.5025344,
              34.7830955
            ],
            [
              135.5025173,
              34.7833715
            ]
          ],
          [
            [
              135.5025677,
              34.7830196
            ],
            [
              135.5026737,
              34.7829739
            ],
            [
              135.5028262,
              34.7829563
            ]
          ],
          [
            [
              135.50329,
              34.7829556
            ],
            [
              135.5030146,
              34.7829413
            ],
            [
              135.5028262,
              34.7829563
            ]
          ],
          [
            [
              135.50329,
              34.7829556
            ],
            [
              135.5033241,
              34.7829504
            ],
            [
              135.5041932,
              34.7828742
            ]
          ],
          [
            [
              135.5041932,
              34.7828742
            ],
            [
              135.504259,
              34.78284
            ],
            [
              135.5043337,
              34.7827632
            ],
            [
              135.5043633,
              34.7827086
            ]
          ],
          [
            [
              135.4980498,
              34.8245809
            ],
            [
              135.4983407,
              34.8249421
            ],
            [
              135.4987283,
              34.8254232
            ],
            [
              135.4991156,
              34.8259012
            ],
            [
              135.499475,
              34.8261874
            ],
            [
              135.5000382,
              34.8265221
            ],
            [
              135.5003388,
              34.8267488
            ],
            [
              135.5006915,
              34.8271481
            ],
            [
              135.5011637,
              34.8277741
            ]
          ],
          [
            [
              135.5011637,
              34.8277741
            ],
            [
              135.5013232,
              34.8279934
            ],
            [
              135.5018607,
              34.8286936
            ]
          ],
          [
            [
              135.5047889,
              34.8000597
            ],
            [
              135.5048594,
              34.7999228
            ],
            [
              135.5053829,
              34.7989183
            ],
            [
              135.5054902,
              34.7987124
            ]
          ],
          [
            [
              135.5075273,
              34.7943935
            ],
            [
              135.507459,
              34.7945553
            ],
            [
              135.5071492,
              34.7952833
            ],
            [
              135.5067745,
              34.7959765
            ],
            [
              135.5063237,
              34.7968503
            ],
            [
              135.5062057,
              34.7970808
            ]
          ],
          [
            [
              135.5085131,
              34.7682151
            ],
            [
              135.5085579,
              34.7679584
            ]
          ],
          [
            [
              135.5085131,
              34.7682151
            ],
            [
              135.5084368,
              34.7684716
            ],
            [
              135.5082902,
              34.7686876
            ],
            [
              135.5081444,
              34.7688406
            ],
            [
              135.5079685,
              34.7689821
            ],
            [
              135.5074404,
              34.7693211
            ],
            [
              135.5073912,
              34.769353
            ]
          ],
          [
            [
              135.5064967,
              34.7699654
            ],
            [
              135.506448,
              34.7700336
            ],
            [
              135.5062277,
              34.7702933
            ],
            [
              135.5061065,
              34.7704676
            ]
          ],
          [
            [
              135.5064967,
              34.7699654
            ],
            [
              135.5065502,
              34.7699092
            ],
            [
              135.5067508,
              34.7697593
            ],
            [
              135.5073912,
              34.769353
            ]
          ],
          [
            [
              135.5077627,
              34.7903087
            ],
            [
              135.5077987,
              34.790431
            ],
            [
              135.507806,
              34.7904545
            ],
            [
              135.5078377,
              34.7905602
            ],
            [
              135.5078485,
              34.790603
            ],
            [
              135.5078667,
              34.7906931
            ],
            [
              135.5078767,
              34.7907606
            ],
            [
              135.5079039,
              34.7909277
            ],
            [
              135.507915,
              34.7910122
            ],
            [
              135.5079292,
              34.7911555
            ],
            [
              135.5079382,
              34.7913558
            ],
            [
              135.5079395,
              34.7915333
            ],
            [
              135.5079382,
              34.7916183
            ],
            [
              135.5079098,
              34.7920616
            ],
            [
              135.5079098,
              34.7922367
            ],
            [
              135.5078971,
              34.7924138
            ],
            [
              135.5078796,
              34.7926253
            ],
            [
              135.5078723,
              34.7927125
            ],
            [
              135.5078615,
              34.7927568
            ]
          ],
          [
            [
              135.5078465,
              34.7928191
            ],
            [
              135.5078105,
              34.7929677
            ],
            [
              135.5078092,
              34.7930022
            ],
            [
              135.507797,
              34.7931296
            ],
            [
              135.5077795,
              34.7932916
            ],
            [
              135.5077502,
              34.7934664
            ],
            [
              135.5077323,
              34.7935768
            ],
            [
              135.5076881,
              34.7938036
            ],
            [
              135.5075993,
              34.7941173
            ],
            [
              135.5075273,
              34.7943935
            ]
          ],
          [
            [
              135.5043056,
              34.7823049
            ],
            [
              135.5043142,
              34.7823646
            ],
            [
              135.5043633,
              34.7827086
            ]
          ],
          [
            [
              135.5043056,
              34.7823049
            ],
            [
              135.5043007,
              34.7822652
            ],
            [
              135.5042309,
              34.7817026
            ]
          ],
          [
            [
              135.505787,
              34.7715401
            ],
            [
              135.5056492,
              34.7722686
            ],
            [
              135.5056382,
              34.7723255
            ]
          ],
          [
            [
              135.505787,
              34.7715401
            ],
            [
              135.5057998,
              34.7714669
            ],
            [
              135.5058642,
              34.7711438
            ],
            [
              135.5058764,
              34.7710913
            ],
            [
              135.5058799,
              34.7710697
            ]
          ],
          [
            [
              135.5056382,
              34.7723255
            ],
            [
              135.5056252,
              34.7723894
            ],
            [
              135.5056185,
              34.7724271
            ],
            [
              135.5056098,
              34.7724662
            ],
            [
              135.5056024,
              34.7724982
            ],
            [
              135.5055904,
              34.772556
            ],
            [
              135.5055857,
              34.7725874
            ],
            [
              135.505581,
              34.7726238
            ],
            [
              135.505577,
              34.7726656
            ],
            [
              135.5055723,
              34.7727053
            ],
            [
              135.5055696,
              34.7727692
            ],
            [
              135.5055669,
              34.7728276
            ],
            [
              135.5055669,
              34.7728964
            ],
            [
              135.5055683,
              34.7729388
            ],
            [
              135.5055702,
              34.7729889
            ],
            [
              135.5055743,
              34.7730479
            ],
            [
              135.5055796,
              34.773125
            ],
            [
              135.5055869,
              34.7731941
            ],
            [
              135.5055896,
              34.7732274
            ]
          ],
          [
            [
              135.5054943,
              34.7753498
            ],
            [
              135.5055054,
              34.7756957
            ]
          ],
          [
            [
              135.5054943,
              34.7753498
            ],
            [
              135.5054872,
              34.7744553
            ]
          ],
          [
            [
              135.5051945,
              34.7785772
            ],
            [
              135.5053037,
              34.7785501
            ],
            [
              135.5053708,
              34.7785202
            ],
            [
              135.5055411,
              34.7784149
            ],
            [
              135.5056029,
              34.7783538
            ],
            [
              135.505613,
              34.778334
            ],
            [
              135.5056441,
              34.7782728
            ]
          ],
          [
            [
              135.5050042,
              34.7797923
            ],
            [
              135.5049568,
              34.7797321
            ],
            [
              135.5049363,
              34.7796806
            ],
            [
              135.5049131,
              34.7796222
            ],
            [
              135.5048876,
              34.7795443
            ],
            [
              135.5048983,
              34.7794891
            ],
            [
              135.5049693,
              34.779342
            ]
          ],
          [
            [
              135.5050042,
              34.7797923
            ],
            [
              135.504897,
              34.7798495
            ],
            [
              135.5048242,
              34.7799101
            ]
          ],
          [
            [
              135.5048242,
              34.7799101
            ],
            [
              135.5047903,
              34.7799516
            ],
            [
              135.504447,
              34.7803373
            ],
            [
              135.5044166,
              34.7803936
            ],
            [
              135.5043402,
              34.7806795
            ]
          ],
          [
            [
              135.5041785,
              34.7813315
            ],
            [
              135.5042309,
              34.7817026
            ]
          ],
          [
            [
              135.5041785,
              34.7813315
            ],
            [
              135.5043402,
              34.7806795
            ]
          ],
          [
            [
              135.5081553,
              34.7667903
            ],
            [
              135.5081689,
              34.7668159
            ],
            [
              135.5085005,
              34.7675471
            ],
            [
              135.5085575,
              34.767763
            ],
            [
              135.5085579,
              34.7679584
            ]
          ],
          [
            [
              135.5081553,
              34.7667903
            ],
            [
              135.5081297,
              34.766658
            ],
            [
              135.5081123,
              34.7665178
            ],
            [
              135.5080969,
              34.7661915
            ]
          ],
          [
            [
              135.5056217,
              34.7737385
            ],
            [
              135.5056198,
              34.7737741
            ],
            [
              135.5056099,
              34.7739274
            ],
            [
              135.5054872,
              34.7744553
            ]
          ],
          [
            [
              135.5025173,
              34.7833715
            ],
            [
              135.5025129,
              34.7835094
            ]
          ],
          [
            [
              135.502521,
              34.784124
            ],
            [
              135.5025307,
              34.7841917
            ],
            [
              135.5025677,
              34.7843414
            ]
          ],
          [
            [
              135.502521,
              34.784124
            ],
            [
              135.5025078,
              34.7840103
            ],
            [
              135.5024956,
              34.7838634
            ]
          ],
          [
            [
              135.5042239,
              34.7862479
            ],
            [
              135.5040946,
              34.7861989
            ],
            [
              135.503981,
              34.7861846
            ],
            [
              135.5033649,
              34.7861515
            ],
            [
              135.5032314,
              34.7861223
            ],
            [
              135.5031333,
              34.7860702
            ],
            [
              135.5030522,
              34.7860034
            ]
          ],
          [
            [
              135.5064852,
              34.7879947
            ],
            [
              135.5063084,
              34.7877318
            ],
            [
              135.5061731,
              34.7875426
            ],
            [
              135.505958,
              34.7872847
            ]
          ],
          [
            [
              135.5068577,
              34.7885174
            ],
            [
              135.5068177,
              34.7884632
            ],
            [
              135.5065479,
              34.7880818
            ],
            [
              135.5064852,
              34.7879947
            ]
          ],
          [
            [
              135.5078615,
              34.7927568
            ],
            [
              135.5078465,
              34.7928191
            ]
          ],
          [
            [
              135.5079549,
              34.7927614
            ],
            [
              135.5079679,
              34.792631
            ],
            [
              135.5079883,
              34.7921725
            ],
            [
              135.5080008,
              34.7920585
            ],
            [
              135.5080301,
              34.7916248
            ],
            [
              135.5080333,
              34.7915331
            ],
            [
              135.5080319,
              34.7913517
            ],
            [
              135.5080157,
              34.7910704
            ],
            [
              135.5080119,
              34.7910113
            ],
            [
              135.5080005,
              34.7909162
            ],
            [
              135.5079716,
              34.7907515
            ],
            [
              135.5079641,
              34.7907054
            ],
            [
              135.5079496,
              34.7906446
            ],
            [
              135.5079261,
              34.7905498
            ],
            [
              135.5078952,
              34.790436
            ],
            [
              135.5078902,
              34.7904175
            ],
            [
              135.5078532,
              34.7902893
            ]
          ],
          [
            [
              135.5062057,
              34.7970808
            ],
            [
              135.5060899,
              34.7972954
            ],
            [
              135.5059946,
              34.7974755
            ],
            [
              135.5055,
              34.7984321
            ],
            [
              135.5053702,
              34.798676
            ]
          ],
          [
            [
              135.5053702,
              34.798676
            ],
            [
              135.5052652,
              34.7988769
            ],
            [
              135.5048885,
              34.799584
            ],
            [
              135.5047386,
              34.7998802
            ],
            [
              135.5046692,
              34.8000206
            ]
          ],
          [
            [
              135.5028163,
              34.7852863
            ],
            [
              135.5028966,
              34.7856048
            ]
          ],
          [
            [
              135.5028163,
              34.7852863
            ],
            [
              135.5027382,
              34.784991
            ]
          ],
          [
            [
              135.5027382,
              34.784991
            ],
            [
              135.5027176,
              34.7849016
            ]
          ],
          [
            [
              135.5067717,
              34.7885589
            ],
            [
              135.5068232,
              34.7886327
            ],
            [
              135.5070116,
              34.7889062
            ],
            [
              135.5072129,
              34.7891985
            ],
            [
              135.5072913,
              34.7893124
            ],
            [
              135.5074351,
              34.7895477
            ],
            [
              135.5075075,
              34.7896806
            ],
            [
              135.5076308,
              34.789943
            ],
            [
              135.5076557,
              34.7900055
            ],
            [
              135.507675,
              34.7900548
            ],
            [
              135.50772,
              34.7901806
            ],
            [
              135.5077334,
              34.7902174
            ],
            [
              135.5077627,
              34.7903087
            ]
          ],
          [
            [
              135.5061065,
              34.7704676
            ],
            [
              135.5060069,
              34.7706635
            ],
            [
              135.5059299,
              34.7708435
            ],
            [
              135.5058799,
              34.7710697
            ]
          ],
          [
            [
              135.505958,
              34.7872847
            ],
            [
              135.5058565,
              34.7871822
            ],
            [
              135.5056947,
              34.7870346
            ]
          ],
          [
            [
              135.5025129,
              34.7835094
            ],
            [
              135.5024956,
              34.7838634
            ]
          ],
          [
            [
              135.5076659,
              34.7944044
            ],
            [
              135.5077324,
              34.7941389
            ],
            [
              135.5078228,
              34.7938028
            ]
          ],
          [
            [
              135.5079504,
              34.7928281
            ],
            [
              135.5079549,
              34.7927614
            ]
          ],
          [
            [
              135.5078228,
              34.7938028
            ],
            [
              135.507861,
              34.7935875
            ],
            [
              135.5078846,
              34.7934632
            ],
            [
              135.5079092,
              34.7932892
            ],
            [
              135.5079379,
              34.7929745
            ],
            [
              135.5079504,
              34.7928281
            ]
          ],
          [
            [
              135.502932,
              34.7857361
            ],
            [
              135.5028966,
              34.7856048
            ]
          ],
          [
            [
              135.502932,
              34.7857361
            ],
            [
              135.5029489,
              34.7857915
            ],
            [
              135.5029631,
              34.7858358
            ],
            [
              135.5030056,
              34.7859361
            ],
            [
              135.5030522,
              34.7860034
            ]
          ],
          [
            [
              135.5049693,
              34.779342
            ],
            [
              135.5050417,
              34.7791825
            ],
            [
              135.5052339,
              34.7787723
            ],
            [
              135.5052444,
              34.7787383
            ],
            [
              135.5052514,
              34.7786931
            ],
            [
              135.505239,
              34.7786394
            ],
            [
              135.5051945,
              34.7785772
            ]
          ],
          [
            [
              135.5056947,
              34.7870346
            ],
            [
              135.5056357,
              34.7869892
            ],
            [
              135.5053011,
              34.7867582
            ],
            [
              135.505066,
              34.7866371
            ],
            [
              135.5048348,
              34.7865315
            ],
            [
              135.5046661,
              34.7864675
            ],
            [
              135.5045426,
              34.7864348
            ],
            [
              135.5044424,
              34.7864173
            ]
          ],
          [
            [
              135.5064145,
              34.7880334
            ],
            [
              135.5067332,
              34.7884998
            ],
            [
              135.5067717,
              34.7885589
            ]
          ],
          [
            [
              135.5027176,
              34.7849016
            ],
            [
              135.5026527,
              34.7846707
            ]
          ],
          [
            [
              135.5056277,
              34.7870924
            ],
            [
              135.5057727,
              34.7872118
            ],
            [
              135.5058872,
              34.7873295
            ]
          ],
          [
            [
              135.5058872,
              34.7873295
            ],
            [
              135.506097,
              34.7875742
            ],
            [
              135.5062319,
              34.7877665
            ],
            [
              135.5064145,
              34.7880334
            ]
          ],
          [
            [
              135.5044325,
              34.7864881
            ],
            [
              135.5045151,
              34.7865103
            ],
            [
              135.5046259,
              34.7865489
            ],
            [
              135.5050345,
              34.7867198
            ],
            [
              135.505251,
              34.7868405
            ],
            [
              135.5054087,
              34.7869345
            ],
            [
              135.5055655,
              34.7870451
            ],
            [
              135.5056277,
              34.7870924
            ]
          ]
        ]
      }
    },
    {
      "type": "Feature",
      "properties": {
        "name": "豊中吹田線",
        "category": "地域緊急交通路（府）",
        "geometry_quality": "osm_name_match",
        "geometry_source": "OpenStreetMap road geometry matched by official route name"
      },
      "geometry": {
        "type": "MultiLineString",
        "coordinates": [
          [
            [
              135.5088958,
              34.7639916
            ],
            [
              135.5088243,
              34.7639721
            ],
            [
              135.5081639,
              34.7639917
            ],
            [
              135.5077898,
              34.7640038
            ]
          ],
          [
            [
              135.5088958,
              34.7639916
            ],
            [
              135.5089364,
              34.7639993
            ],
            [
              135.5089598,
              34.7639991
            ],
            [
              135.5089733,
              34.7639987
            ],
            [
              135.5090251,
              34.7639975
            ],
            [
              135.5090593,
              34.7639974
            ]
          ],
          [
            [
              135.510817,
              34.7639897
            ],
            [
              135.5109072,
              34.7639922
            ],
            [
              135.5109595,
              34.763993
            ]
          ],
          [
            [
              135.510817,
              34.7639897
            ],
            [
              135.5106885,
              34.7639836
            ],
            [
              135.5103424,
              34.7639691
            ]
          ],
          [
            [
              135.5093501,
              34.7640042
            ],
            [
              135.5094802,
              34.7640175
            ],
            [
              135.5096321,
              34.7640198
            ],
            [
              135.5096921,
              34.764019
            ],
            [
              135.5098303,
              34.7640193
            ]
          ],
          [
            [
              135.5093501,
              34.7640042
            ],
            [
              135.5093014,
              34.7640017
            ],
            [
              135.5090593,
              34.7639974
            ]
          ],
          [
            [
              135.5175851,
              34.762001
            ],
            [
              135.5174166,
              34.7620488
            ],
            [
              135.5173241,
              34.7620514
            ]
          ],
          [
            [
              135.5140536,
              34.7630223
            ],
            [
              135.5145303,
              34.7628767
            ],
            [
              135.5146409,
              34.7628377
            ]
          ],
          [
            [
              135.5140536,
              34.7630223
            ],
            [
              135.5139717,
              34.7630484
            ],
            [
              135.513685,
              34.7631463
            ],
            [
              135.5135032,
              34.7632278
            ],
            [
              135.5129719,
              34.7635216
            ],
            [
              135.512721,
              34.7636341
            ],
            [
              135.5124631,
              34.7637396
            ]
          ],
          [
            [
              135.4888562,
              34.7644084
            ],
            [
              135.4891893,
              34.7644079
            ],
            [
              135.4894715,
              34.7644074
            ]
          ],
          [
            [
              135.5146409,
              34.7628377
            ],
            [
              135.5147327,
              34.7628025
            ],
            [
              135.5148229,
              34.762767
            ],
            [
              135.5148869,
              34.762734
            ],
            [
              135.5151052,
              34.7626102
            ]
          ],
          [
            [
              135.4899048,
              34.7644066
            ],
            [
              135.4904877,
              34.7644056
            ]
          ],
          [
            [
              135.4899048,
              34.7644066
            ],
            [
              135.4894715,
              34.7644074
            ]
          ],
          [
            [
              135.5169794,
              34.7617422
            ],
            [
              135.5166284,
              34.7618416
            ]
          ],
          [
            [
              135.5169794,
              34.7617422
            ],
            [
              135.5170425,
              34.7617548
            ],
            [
              135.5170915,
              34.7617841
            ],
            [
              135.5173241,
              34.7620514
            ]
          ],
          [
            [
              135.512174,
              34.7638497
            ],
            [
              135.5122527,
              34.7638209
            ]
          ],
          [
            [
              135.512174,
              34.7638497
            ],
            [
              135.5120674,
              34.7638873
            ],
            [
              135.5119771,
              34.7639192
            ],
            [
              135.5116693,
              34.7639815
            ]
          ],
          [
            [
              135.5074635,
              34.7640156
            ],
            [
              135.5072871,
              34.7640161
            ],
            [
              135.5071232,
              34.7640166
            ]
          ],
          [
            [
              135.5065892,
              34.7640147
            ],
            [
              135.5062029,
              34.7640099
            ]
          ],
          [
            [
              135.5041001,
              34.7640226
            ],
            [
              135.5038048,
              34.764039
            ]
          ],
          [
            [
              135.5071232,
              34.7640166
            ],
            [
              135.5065892,
              34.7640147
            ]
          ],
          [
            [
              135.5061357,
              34.7640087
            ],
            [
              135.5058263,
              34.7640035
            ],
            [
              135.505364,
              34.7639939
            ],
            [
              135.5053057,
              34.7639924
            ]
          ],
          [
            [
              135.5038048,
              34.764039
            ],
            [
              135.5036463,
              34.7640461
            ]
          ],
          [
            [
              135.5124631,
              34.7637396
            ],
            [
              135.5122527,
              34.7638209
            ]
          ],
          [
            [
              135.5116693,
              34.7639815
            ],
            [
              135.5114428,
              34.7639971
            ],
            [
              135.5109595,
              34.763993
            ]
          ],
          [
            [
              135.5098923,
              34.7640158
            ],
            [
              135.5099671,
              34.7640043
            ],
            [
              135.510048,
              34.7639687
            ]
          ],
          [
            [
              135.5161585,
              34.7619728
            ],
            [
              135.5166284,
              34.7618416
            ]
          ],
          [
            [
              135.5161585,
              34.7619728
            ],
            [
              135.5160392,
              34.762026
            ],
            [
              135.515846,
              34.7621171
            ],
            [
              135.5154646,
              34.762371
            ]
          ],
          [
            [
              135.5154646,
              34.762371
            ],
            [
              135.5151052,
              34.7626102
            ]
          ],
          [
            [
              135.5077898,
              34.7640038
            ],
            [
              135.5074635,
              34.7640156
            ]
          ],
          [
            [
              135.5062029,
              34.7640099
            ],
            [
              135.5061357,
              34.7640087
            ]
          ],
          [
            [
              135.4904877,
              34.7644056
            ],
            [
              135.4907588,
              34.7644051
            ]
          ],
          [
            [
              135.4977259,
              34.7642475
            ],
            [
              135.4972978,
              34.7642704
            ]
          ],
          [
            [
              135.5053057,
              34.7639924
            ],
            [
              135.5052548,
              34.7639913
            ],
            [
              135.5047589,
              34.763999
            ]
          ],
          [
            [
              135.5047589,
              34.763999
            ],
            [
              135.504424,
              34.7640076
            ]
          ],
          [
            [
              135.5041727,
              34.7640187
            ],
            [
              135.5041001,
              34.7640226
            ]
          ],
          [
            [
              135.502228,
              34.7640876
            ],
            [
              135.5021971,
              34.7640886
            ],
            [
              135.5009201,
              34.7641311
            ]
          ],
          [
            [
              135.5007699,
              34.764135
            ],
            [
              135.5006059,
              34.764144
            ]
          ],
          [
            [
              135.5009201,
              34.7641311
            ],
            [
              135.5007699,
              34.764135
            ]
          ],
          [
            [
              135.4999827,
              34.7641695
            ],
            [
              135.4995175,
              34.7641848
            ]
          ],
          [
            [
              135.4991997,
              34.7641945
            ],
            [
              135.4989164,
              34.7642046
            ],
            [
              135.4988673,
              34.7642062
            ]
          ],
          [
            [
              135.4985668,
              34.7642151
            ],
            [
              135.4977759,
              34.7642442
            ],
            [
              135.4977259,
              34.7642475
            ]
          ],
          [
            [
              135.4972978,
              34.7642704
            ],
            [
              135.4972516,
              34.7642717
            ],
            [
              135.496303,
              34.7642982
            ]
          ],
          [
            [
              135.496303,
              34.7642982
            ],
            [
              135.4958961,
              34.7643092
            ]
          ],
          [
            [
              135.4958961,
              34.7643092
            ],
            [
              135.4955063,
              34.7643207
            ]
          ],
          [
            [
              135.4951554,
              34.7643347
            ],
            [
              135.4947633,
              34.7643505
            ]
          ],
          [
            [
              135.4951554,
              34.7643347
            ],
            [
              135.4953607,
              34.7643326
            ],
            [
              135.4955063,
              34.7643207
            ]
          ],
          [
            [
              135.4947633,
              34.7643505
            ],
            [
              135.4939153,
              34.7643805
            ],
            [
              135.4935677,
              34.7643927
            ]
          ],
          [
            [
              135.4935677,
              34.7643927
            ],
            [
              135.4933742,
              34.7644015
            ],
            [
              135.4931959,
              34.764403
            ],
            [
              135.4929666,
              34.7644034
            ],
            [
              135.4923552,
              34.7644038
            ]
          ],
          [
            [
              135.4907588,
              34.7644051
            ],
            [
              135.4909784,
              34.7644059
            ],
            [
              135.4911927,
              34.7644066
            ],
            [
              135.4916662,
              34.7644098
            ]
          ],
          [
            [
              135.4916662,
              34.7644098
            ],
            [
              135.4919293,
              34.7644077
            ],
            [
              135.4923552,
              34.7644038
            ]
          ],
          [
            [
              135.4995175,
              34.7641848
            ],
            [
              135.4991997,
              34.7641945
            ]
          ],
          [
            [
              135.504424,
              34.7640076
            ],
            [
              135.5041727,
              34.7640187
            ]
          ],
          [
            [
              135.5002724,
              34.76416
            ],
            [
              135.4999827,
              34.7641695
            ]
          ],
          [
            [
              135.5004529,
              34.7641523
            ],
            [
              135.5002724,
              34.76416
            ]
          ],
          [
            [
              135.502743,
              34.7640728
            ],
            [
              135.5026413,
              34.7640758
            ],
            [
              135.5025943,
              34.7640765
            ],
            [
              135.5022838,
              34.7640879
            ],
            [
              135.502228,
              34.7640876
            ]
          ],
          [
            [
              135.5096421,
              34.7639681
            ],
            [
              135.5094923,
              34.763974
            ],
            [
              135.5093501,
              34.7640042
            ]
          ],
          [
            [
              135.5036463,
              34.7640461
            ],
            [
              135.502743,
              34.7640728
            ]
          ],
          [
            [
              135.4986039,
              34.7642149
            ],
            [
              135.4985668,
              34.7642151
            ]
          ],
          [
            [
              135.4988673,
              34.7642062
            ],
            [
              135.4986039,
              34.7642149
            ]
          ],
          [
            [
              135.5006059,
              34.764144
            ],
            [
              135.5004529,
              34.7641523
            ]
          ],
          [
            [
              135.5098303,
              34.7640193
            ],
            [
              135.5098923,
              34.7640158
            ]
          ],
          [
            [
              135.510048,
              34.7639687
            ],
            [
              135.5101295,
              34.7639676
            ],
            [
              135.5102335,
              34.7639655
            ],
            [
              135.5103424,
              34.7639691
            ]
          ],
          [
            [
              135.510048,
              34.7639687
            ],
            [
              135.5099047,
              34.7639641
            ],
            [
              135.5097607,
              34.7639655
            ],
            [
              135.5097045,
              34.763965
            ],
            [
              135.5096421,
              34.7639681
            ]
          ]
        ]
      }
    },
    {
      "type": "Feature",
      "properties": {
        "name": "十三高槻線",
        "category": "地域緊急交通路（府）",
        "geometry_quality": "official_reference_map_road_snapped_display",
        "geometry_source": "吹田市「地域緊急交通路」参考図 + local OSM drive network (display geometry)"
      },
      "geometry": {
        "type": "LineString",
        "coordinates": [
          [
            135.5239294,
            34.758083
          ],
          [
            135.5244178,
            34.7585758
          ],
          [
            135.5250419,
            34.7592464
          ],
          [
            135.5255608,
            34.7598095
          ],
          [
            135.5261284,
            34.7603857
          ],
          [
            135.5264749,
            34.7607533
          ],
          [
            135.5267398,
            34.7610324
          ],
          [
            135.52691,
            34.7612133
          ],
          [
            135.5271877,
            34.7615051
          ],
          [
            135.5274757,
            34.7617752
          ],
          [
            135.5284986,
            34.7623206
          ],
          [
            135.5282533,
            34.7626507
          ],
          [
            135.5291928,
            34.7631307
          ],
          [
            135.5289489,
            34.7634599
          ],
          [
            135.5287073,
            34.7637861
          ],
          [
            135.5291392,
            34.7640031
          ],
          [
            135.5288668,
            34.7643759
          ],
          [
            135.5289524,
            34.7644192
          ],
          [
            135.5288668,
            34.7643759
          ],
          [
            135.5284317,
            34.7641582
          ],
          [
            135.5278134,
            34.7638477
          ],
          [
            135.5274881,
            34.7636802
          ],
          [
            135.5265952,
            34.7632293
          ],
          [
            135.5261588,
            34.762978
          ],
          [
            135.5259844,
            34.7631174
          ],
          [
            135.525855,
            34.7631681
          ],
          [
            135.5217475,
            34.7651465
          ],
          [
            135.5227385,
            34.7657973
          ],
          [
            135.5231619,
            34.7660798
          ],
          [
            135.5244502,
            34.7669523
          ],
          [
            135.5245812,
            34.7670409
          ],
          [
            135.5250517,
            34.7673612
          ],
          [
            135.5254402,
            34.76763
          ],
          [
            135.5261949,
            34.7681403
          ],
          [
            135.5266446,
            34.7684522
          ],
          [
            135.5268321,
            34.768587
          ],
          [
            135.5269512,
            34.7686836
          ],
          [
            135.5271775,
            34.7688699
          ],
          [
            135.5275442,
            34.7691961
          ],
          [
            135.5276679,
            34.7693674
          ],
          [
            135.5284855,
            34.7698136
          ],
          [
            135.5287787,
            34.7700098
          ],
          [
            135.5289642,
            34.7701018
          ],
          [
            135.5295224,
            34.7703771
          ],
          [
            135.5297552,
            34.7705162
          ],
          [
            135.5301659,
            34.7707581
          ],
          [
            135.5302901,
            34.770836
          ],
          [
            135.5304618,
            34.7709747
          ],
          [
            135.5304977,
            34.7709381
          ],
          [
            135.5313095,
            34.7716227
          ]
        ]
      }
    },
    {
      "type": "Feature",
      "properties": {
        "name": "相川停車場線",
        "category": "地域緊急交通路（府）",
        "geometry_quality": "osm_name_match",
        "geometry_source": "OpenStreetMap road geometry matched by official route name"
      },
      "geometry": {
        "type": "MultiLineString",
        "coordinates": [
          [
            [
              135.5271183,
              34.7579658
            ],
            [
              135.527182,
              34.7579716
            ],
            [
              135.5272315,
              34.7579911
            ],
            [
              135.5272746,
              34.7580224
            ],
            [
              135.5273256,
              34.7580687
            ],
            [
              135.5274882,
              34.7582647
            ],
            [
              135.5276488,
              34.7584823
            ]
          ],
          [
            [
              135.5271183,
              34.7579658
            ],
            [
              135.5269724,
              34.7579949
            ],
            [
              135.5267067,
              34.7580762
            ],
            [
              135.5264523,
              34.7581513
            ],
            [
              135.5262672,
              34.7581956
            ]
          ],
          [
            [
              135.5262672,
              34.7581956
            ],
            [
              135.5261572,
              34.7582583
            ],
            [
              135.5261163,
              34.7582909
            ]
          ],
          [
            [
              135.5247056,
              34.7585092
            ],
            [
              135.5250753,
              34.7585035
            ],
            [
              135.5251886,
              34.7584938
            ],
            [
              135.5252635,
              34.7584876
            ]
          ],
          [
            [
              135.5247056,
              34.7585092
            ],
            [
              135.5246823,
              34.7585106
            ],
            [
              135.5245288,
              34.7585626
            ],
            [
              135.5244178,
              34.7585758
            ]
          ],
          [
            [
              135.5276488,
              34.7584823
            ],
            [
              135.5277142,
              34.7585201
            ],
            [
              135.5281075,
              34.758664
            ],
            [
              135.5282917,
              34.7587297
            ]
          ],
          [
            [
              135.5313544,
              34.7587379
            ],
            [
              135.5312927,
              34.7587645
            ],
            [
              135.5311629,
              34.7588206
            ]
          ],
          [
            [
              135.5311629,
              34.7588206
            ],
            [
              135.5308239,
              34.7588894
            ],
            [
              135.5303798,
              34.7590144
            ],
            [
              135.5302918,
              34.7590453
            ]
          ],
          [
            [
              135.5292629,
              34.7589439
            ],
            [
              135.5293514,
              34.7589567
            ],
            [
              135.5295372,
              34.758991
            ]
          ],
          [
            [
              135.5292629,
              34.7589439
            ],
            [
              135.5291539,
              34.758923
            ],
            [
              135.5290309,
              34.7588976
            ],
            [
              135.5288905,
              34.7588672
            ]
          ],
          [
            [
              135.5295372,
              34.758991
            ],
            [
              135.5296484,
              34.7590172
            ],
            [
              135.5298798,
              34.7590447
            ],
            [
              135.5301665,
              34.7590609
            ],
            [
              135.5302338,
              34.759059
            ],
            [
              135.5302918,
              34.7590453
            ]
          ],
          [
            [
              135.5252635,
              34.7584876
            ],
            [
              135.5253859,
              34.758456
            ],
            [
              135.5255138,
              34.7583976
            ],
            [
              135.5257317,
              34.7582823
            ],
            [
              135.5258265,
              34.7582408
            ],
            [
              135.5259954,
              34.7581862
            ],
            [
              135.5260284,
              34.7582079
            ],
            [
              135.5261163,
              34.7582909
            ]
          ],
          [
            [
              135.5288905,
              34.7588672
            ],
            [
              135.5282917,
              34.7587297
            ]
          ]
        ]
      }
    },
    {
      "type": "Feature",
      "properties": {
        "name": "熊野大阪線",
        "category": "地域緊急交通路（府）",
        "geometry_quality": "osm_name_match",
        "geometry_source": "OpenStreetMap road geometry matched by official route name"
      },
      "geometry": {
        "type": "MultiLineString",
        "coordinates": [
          [
            [
              135.4908695,
              34.7628894
            ],
            [
              135.4907588,
              34.7644051
            ]
          ],
          [
            [
              135.4908695,
              34.7628894
            ],
            [
              135.4908999,
              34.7624818
            ],
            [
              135.4909424,
              34.761912
            ]
          ],
          [
            [
              135.4914865,
              34.7582811
            ],
            [
              135.4915068,
              34.7582073
            ]
          ],
          [
            [
              135.4914865,
              34.7582811
            ],
            [
              135.491382,
              34.7586741
            ]
          ],
          [
            [
              135.4909659,
              34.7615163
            ],
            [
              135.4909843,
              34.7612581
            ]
          ],
          [
            [
              135.4909659,
              34.7615163
            ],
            [
              135.4909554,
              34.7616937
            ]
          ],
          [
            [
              135.4916416,
              34.7576039
            ],
            [
              135.4916201,
              34.7576969
            ],
            [
              135.4915068,
              34.7582073
            ]
          ],
          [
            [
              135.4916416,
              34.7576039
            ],
            [
              135.4916583,
              34.7575223
            ],
            [
              135.4917034,
              34.7570573
            ]
          ],
          [
            [
              135.4910568,
              34.7602952
            ],
            [
              135.4910121,
              34.7608942
            ]
          ],
          [
            [
              135.4910568,
              34.7602952
            ],
            [
              135.491057,
              34.7602762
            ],
            [
              135.4910652,
              34.7601403
            ],
            [
              135.4910836,
              34.7599718
            ],
            [
              135.4911255,
              34.759723
            ],
            [
              135.491144,
              34.7596273
            ],
            [
              135.4911829,
              34.7594607
            ]
          ],
          [
            [
              135.4906787,
              34.766336
            ],
            [
              135.4906325,
              34.7664893
            ]
          ],
          [
            [
              135.4906787,
              34.766336
            ],
            [
              135.4907377,
              34.7660978
            ],
            [
              135.4907424,
              34.7660101
            ]
          ],
          [
            [
              135.4897851,
              34.7677594
            ],
            [
              135.4902783,
              34.7671612
            ]
          ],
          [
            [
              135.4897851,
              34.7677594
            ],
            [
              135.489762,
              34.7677786
            ],
            [
              135.4896252,
              34.7678966
            ],
            [
              135.4895157,
              34.7679846
            ]
          ],
          [
            [
              135.4923193,
              34.751816
            ],
            [
              135.4923633,
              34.7519953
            ]
          ],
          [
            [
              135.4920213,
              34.7527991
            ],
            [
              135.4920687,
              34.752686
            ],
            [
              135.4921561,
              34.7525562
            ]
          ],
          [
            [
              135.4920213,
              34.7527991
            ],
            [
              135.4919811,
              34.7529348
            ],
            [
              135.4919886,
              34.753067
            ]
          ],
          [
            [
              135.491382,
              34.7586741
            ],
            [
              135.4913195,
              34.7589132
            ]
          ],
          [
            [
              135.4911829,
              34.7594607
            ],
            [
              135.4911881,
              34.7594401
            ],
            [
              135.491257,
              34.7591622
            ]
          ],
          [
            [
              135.4910121,
              34.7608942
            ],
            [
              135.4909843,
              34.7612581
            ]
          ],
          [
            [
              135.4907328,
              34.7647813
            ],
            [
              135.4907588,
              34.7644051
            ]
          ],
          [
            [
              135.4907328,
              34.7647813
            ],
            [
              135.4907032,
              34.7652694
            ],
            [
              135.4907142,
              34.7655337
            ]
          ],
          [
            [
              135.4907142,
              34.7655337
            ],
            [
              135.4907267,
              34.7657525
            ]
          ],
          [
            [
              135.4907267,
              34.7657525
            ],
            [
              135.4907424,
              34.7660101
            ]
          ],
          [
            [
              135.4905916,
              34.7666505
            ],
            [
              135.4906325,
              34.7664893
            ]
          ],
          [
            [
              135.4905916,
              34.7666505
            ],
            [
              135.4905472,
              34.7667723
            ],
            [
              135.4904609,
              34.7669164
            ],
            [
              135.4902783,
              34.7671612
            ]
          ],
          [
            [
              135.4919886,
              34.753067
            ],
            [
              135.491978,
              34.753629
            ],
            [
              135.4919246,
              34.7541887
            ],
            [
              135.491799,
              34.7547131
            ],
            [
              135.4917547,
              34.7549523
            ]
          ],
          [
            [
              135.4923633,
              34.7519953
            ],
            [
              135.4923755,
              34.7521573
            ],
            [
              135.4923366,
              34.7522698
            ],
            [
              135.4921561,
              34.7525562
            ]
          ],
          [
            [
              135.4913195,
              34.7589132
            ],
            [
              135.491257,
              34.7591622
            ]
          ],
          [
            [
              135.4917407,
              34.7559606
            ],
            [
              135.4917205,
              34.7566305
            ]
          ],
          [
            [
              135.4917407,
              34.7559606
            ],
            [
              135.4917217,
              34.7551304
            ],
            [
              135.4917547,
              34.7549523
            ]
          ],
          [
            [
              135.4917104,
              34.7569637
            ],
            [
              135.4917205,
              34.7566305
            ]
          ],
          [
            [
              135.4917104,
              34.7569637
            ],
            [
              135.4917034,
              34.7570573
            ]
          ],
          [
            [
              135.4909424,
              34.761912
            ],
            [
              135.4909554,
              34.7616937
            ]
          ]
        ]
      }
    },
    {
      "type": "Feature",
      "properties": {
        "name": "千里北公園古江線",
        "category": "地域緊急交通路（市）",
        "geometry_quality": "osm_name_match",
        "geometry_source": "OpenStreetMap road geometry matched by official route name"
      },
      "geometry": {
        "type": "MultiLineString",
        "coordinates": [
          [
            [
              135.5056576,
              34.8186355
            ],
            [
              135.5064099,
              34.8192238
            ],
            [
              135.5067296,
              34.8194774
            ],
            [
              135.5070967,
              34.8197336
            ],
            [
              135.5072902,
              34.8198567
            ],
            [
              135.507596,
              34.8200269
            ],
            [
              135.5079885,
              34.8202234
            ],
            [
              135.5082196,
              34.8203241
            ],
            [
              135.5084983,
              34.8204317
            ],
            [
              135.5086524,
              34.8204811
            ],
            [
              135.508696,
              34.8204941
            ]
          ],
          [
            [
              135.508696,
              34.8204941
            ],
            [
              135.5087786,
              34.820519
            ],
            [
              135.5089139,
              34.8205632
            ],
            [
              135.5094464,
              34.8207342
            ],
            [
              135.5096039,
              34.8207832
            ],
            [
              135.5107135,
              34.8211298
            ],
            [
              135.5108756,
              34.8211151
            ]
          ],
          [
            [
              135.5121987,
              34.8215506
            ],
            [
              135.5111631,
              34.8212294
            ]
          ],
          [
            [
              135.5121987,
              34.8215506
            ],
            [
              135.5125803,
              34.8216651
            ],
            [
              135.5126689,
              34.8216933
            ]
          ],
          [
            [
              135.5159315,
              34.8227057
            ],
            [
              135.5158349,
              34.8226715
            ],
            [
              135.5139454,
              34.8220754
            ],
            [
              135.5137673,
              34.8220271
            ]
          ],
          [
            [
              135.5126689,
              34.8216933
            ],
            [
              135.5129748,
              34.8217851
            ],
            [
              135.5135758,
              34.8219744
            ],
            [
              135.5137673,
              34.8220271
            ]
          ],
          [
            [
              135.5111631,
              34.8212294
            ],
            [
              135.5110075,
              34.8211746
            ],
            [
              135.5108756,
              34.8211151
            ]
          ],
          [
            [
              135.5087406,
              34.8204225
            ],
            [
              135.5086715,
              34.8204025
            ],
            [
              135.5085357,
              34.8203617
            ],
            [
              135.5082189,
              34.8202355
            ],
            [
              135.5080031,
              34.820135
            ],
            [
              135.5076397,
              34.8199545
            ],
            [
              135.5074002,
              34.819821
            ],
            [
              135.5071769,
              34.8196801
            ],
            [
              135.5068704,
              34.8194719
            ],
            [
              135.5065573,
              34.8192314
            ],
            [
              135.5057161,
              34.8185688
            ]
          ],
          [
            [
              135.5108756,
              34.8211151
            ],
            [
              135.5107524,
              34.8210498
            ],
            [
              135.51046,
              34.8209551
            ],
            [
              135.5100486,
              34.8208279
            ],
            [
              135.5099651,
              34.8208029
            ],
            [
              135.5096783,
              34.8207134
            ],
            [
              135.5094552,
              34.8206499
            ],
            [
              135.5089474,
              34.8204941
            ],
            [
              135.5087853,
              34.8204359
            ],
            [
              135.5087406,
              34.8204225
            ]
          ]
        ]
      }
    },
    {
      "type": "Feature",
      "properties": {
        "name": "山田佐井寺岸部線",
        "category": "地域緊急交通路（市）",
        "geometry_quality": "official_reference_map_road_snapped_display",
        "geometry_source": "吹田市「地域緊急交通路」参考図 + local OSM drive network (display geometry)"
      },
      "geometry": {
        "type": "LineString",
        "coordinates": [
          [
            135.5401601,
            34.7940485
          ],
          [
            135.540203,
            34.7938222
          ],
          [
            135.5403153,
            34.7935333
          ],
          [
            135.5416196,
            34.7923671
          ],
          [
            135.541511,
            34.7915167
          ],
          [
            135.5413415,
            34.7912653
          ],
          [
            135.5411999,
            34.7911534
          ],
          [
            135.5409561,
            34.7909637
          ],
          [
            135.540585,
            34.7906483
          ],
          [
            135.5393911,
            34.7907246
          ],
          [
            135.5383328,
            34.7907411
          ],
          [
            135.5382569,
            34.7906924
          ],
          [
            135.5386951,
            34.7902515
          ],
          [
            135.5378969,
            34.7897893
          ],
          [
            135.537458,
            34.7893917
          ],
          [
            135.5369407,
            34.7890403
          ],
          [
            135.5367192,
            34.7889887
          ],
          [
            135.5367309,
            34.7887207
          ],
          [
            135.5363768,
            34.7882085
          ],
          [
            135.5364076,
            34.7880674
          ],
          [
            135.5366176,
            34.7876367
          ],
          [
            135.5352578,
            34.7866119
          ],
          [
            135.5349552,
            34.7863828
          ],
          [
            135.5348728,
            34.7863234
          ],
          [
            135.534799,
            34.7862702
          ],
          [
            135.5344002,
            34.7859886
          ],
          [
            135.5342667,
            34.7858746
          ],
          [
            135.5334398,
            34.7851224
          ],
          [
            135.5332845,
            34.7849807
          ],
          [
            135.5330409,
            34.7847307
          ],
          [
            135.5327399,
            34.7843317
          ],
          [
            135.5328744,
            34.7842745
          ],
          [
            135.5330405,
            34.7833873
          ]
        ]
      }
    },
    {
      "type": "Feature",
      "properties": {
        "name": "五月が丘中央線",
        "category": "地域緊急交通路（市）",
        "geometry_quality": "official_reference_map_road_snapped_display",
        "geometry_source": "吹田市「地域緊急交通路」参考図 + local OSM drive network (display geometry)"
      },
      "geometry": {
        "type": "LineString",
        "coordinates": [
          [
            135.533858,
            34.7942985
          ],
          [
            135.5343304,
            34.7938524
          ],
          [
            135.5349002,
            34.7942922
          ],
          [
            135.5352543,
            34.7945376
          ],
          [
            135.5355602,
            34.795297
          ],
          [
            135.5356506,
            34.7948943
          ],
          [
            135.53576,
            34.7947716
          ],
          [
            135.5358642,
            34.7946833
          ],
          [
            135.5362747,
            34.7943247
          ],
          [
            135.5372888,
            34.7937713
          ],
          [
            135.5394829,
            34.7933411
          ],
          [
            135.5397025,
            34.7930374
          ],
          [
            135.5394472,
            34.7929186
          ]
        ]
      }
    },
    {
      "type": "Feature",
      "properties": {
        "name": "山田南9号線",
        "category": "地域緊急交通路（市）",
        "geometry_quality": "official_reference_map_road_snapped_display",
        "geometry_source": "吹田市「地域緊急交通路」参考図 + local OSM drive network (display geometry)"
      },
      "geometry": {
        "type": "LineString",
        "coordinates": [
          [
            135.5373828,
            34.795909
          ],
          [
            135.5372141,
            34.7962002
          ],
          [
            135.5371334,
            34.7965135
          ],
          [
            135.5369998,
            34.7967324
          ],
          [
            135.5368158,
            34.7964752
          ],
          [
            135.5367454,
            34.7964055
          ],
          [
            135.5365757,
            34.796254
          ],
          [
            135.5365473,
            34.7962024
          ],
          [
            135.5363523,
            34.7956871
          ],
          [
            135.5368074,
            34.7947208
          ],
          [
            135.5367625,
            34.7945745
          ],
          [
            135.53652,
            34.794488
          ],
          [
            135.5362747,
            34.7943247
          ],
          [
            135.5372888,
            34.7937713
          ],
          [
            135.5394829,
            34.7933411
          ],
          [
            135.5400106,
            34.7934638
          ],
          [
            135.5404186,
            34.7928665
          ]
        ]
      }
    },
    {
      "type": "Feature",
      "properties": {
        "name": "片山高浜線",
        "category": "地域緊急交通路（市）",
        "geometry_quality": "official_reference_map_road_snapped_display",
        "geometry_source": "吹田市「地域緊急交通路」参考図 + local OSM drive network (display geometry)"
      },
      "geometry": {
        "type": "LineString",
        "coordinates": [
          [
            135.5183351,
            34.7742018
          ],
          [
            135.5188562,
            34.7737445
          ],
          [
            135.5189387,
            34.7735034
          ],
          [
            135.5193588,
            34.773494
          ],
          [
            135.5196963,
            34.7734724
          ],
          [
            135.5195345,
            34.7729767
          ],
          [
            135.5199113,
            34.7728599
          ],
          [
            135.5206675,
            34.7729724
          ],
          [
            135.5207222,
            34.7728541
          ],
          [
            135.5209257,
            34.7725464
          ],
          [
            135.5212738,
            34.7720691
          ],
          [
            135.5219485,
            34.7713828
          ],
          [
            135.5221326,
            34.771157
          ],
          [
            135.5222198,
            34.7709582
          ],
          [
            135.5222594,
            34.770841
          ],
          [
            135.5223166,
            34.7706503
          ],
          [
            135.5223399,
            34.770591
          ],
          [
            135.5223279,
            34.7703624
          ],
          [
            135.5222979,
            34.7702478
          ],
          [
            135.522211,
            34.7696183
          ],
          [
            135.5224638,
            34.769289
          ],
          [
            135.522563,
            34.7691326
          ],
          [
            135.5227389,
            34.7688014
          ],
          [
            135.5229978,
            34.7685861
          ],
          [
            135.52272,
            34.7683299
          ],
          [
            135.5222391,
            34.7680822
          ],
          [
            135.5221394,
            34.7677529
          ],
          [
            135.5222734,
            34.7675393
          ],
          [
            135.5223069,
            34.7673419
          ],
          [
            135.5224974,
            34.7671448
          ],
          [
            135.5225622,
            34.767029
          ],
          [
            135.5220268,
            34.7665457
          ],
          [
            135.5221834,
            34.7663556
          ],
          [
            135.5220645,
            34.76624
          ],
          [
            135.5218081,
            34.765949
          ],
          [
            135.5214927,
            34.7656659
          ],
          [
            135.5217475,
            34.7651465
          ],
          [
            135.525855,
            34.7631681
          ],
          [
            135.5259844,
            34.7631174
          ],
          [
            135.5258475,
            34.763247
          ],
          [
            135.5263314,
            34.7635757
          ],
          [
            135.5261296,
            34.7637799
          ],
          [
            135.5260756,
            34.7638531
          ]
        ]
      }
    },
    {
      "type": "Feature",
      "properties": {
        "name": "岸部中内本町線",
        "category": "地域緊急交通路（市）",
        "geometry_quality": "official_reference_map_road_snapped_display",
        "geometry_source": "吹田市「地域緊急交通路」参考図 + local OSM drive network (display geometry)"
      },
      "geometry": {
        "type": "LineString",
        "coordinates": [
          [
            135.5395092,
            34.779917
          ],
          [
            135.5396422,
            34.7797485
          ],
          [
            135.5397049,
            34.779669
          ],
          [
            135.5400625,
            34.7792861
          ],
          [
            135.5391728,
            34.7785238
          ],
          [
            135.539017,
            34.7783604
          ],
          [
            135.5376411,
            34.7770385
          ],
          [
            135.536716,
            34.7761875
          ],
          [
            135.537216,
            34.775766
          ],
          [
            135.536716,
            34.7761875
          ],
          [
            135.5376411,
            34.7770385
          ],
          [
            135.5373346,
            34.7770512
          ],
          [
            135.5369694,
            34.7775825
          ],
          [
            135.5373182,
            34.7784746
          ],
          [
            135.5376703,
            34.7789264
          ],
          [
            135.5381121,
            34.7790531
          ],
          [
            135.5365628,
            34.7801185
          ],
          [
            135.5424739,
            34.7754129
          ],
          [
            135.542416,
            34.7753803
          ],
          [
            135.5413097,
            34.7765597
          ],
          [
            135.5409018,
            34.7763578
          ],
          [
            135.5404745,
            34.7760228
          ],
          [
            135.5400598,
            34.7756989
          ],
          [
            135.5396008,
            34.7753404
          ],
          [
            135.5390457,
            34.774914
          ],
          [
            135.5382963,
            34.7741412
          ],
          [
            135.5383241,
            34.774094
          ],
          [
            135.5386917,
            34.7736397
          ],
          [
            135.5384144,
            34.7734906
          ],
          [
            135.5376795,
            34.7731544
          ],
          [
            135.5375106,
            34.7730145
          ],
          [
            135.5362281,
            34.7718047
          ],
          [
            135.5345304,
            34.7684252
          ]
        ]
      }
    },
    {
      "type": "Feature",
      "properties": {
        "name": "内本町東御旅線",
        "category": "地域緊急交通路（市）",
        "geometry_quality": "official_reference_map_road_snapped_display",
        "geometry_source": "吹田市「地域緊急交通路」参考図 + local OSM drive network (display geometry)"
      },
      "geometry": {
        "type": "LineString",
        "coordinates": [
          [
            135.5155957,
            34.7587059
          ],
          [
            135.5153186,
            34.7586478
          ],
          [
            135.5151889,
            34.7585094
          ],
          [
            135.5181025,
            34.7594079
          ],
          [
            135.5184641,
            34.759214
          ],
          [
            135.5189658,
            34.7588342
          ],
          [
            135.5193432,
            34.7585398
          ],
          [
            135.5192426,
            34.758443
          ],
          [
            135.5195062,
            34.7574701
          ],
          [
            135.5198064,
            34.7575252
          ],
          [
            135.5201569,
            34.7570867
          ],
          [
            135.5205,
            34.7566592
          ],
          [
            135.5211005,
            34.7560344
          ]
        ]
      }
    },
    {
      "type": "Feature",
      "properties": {
        "name": "東御旅7号線",
        "category": "地域緊急交通路（市）",
        "geometry_quality": "official_reference_map_road_snapped_display",
        "geometry_source": "吹田市「地域緊急交通路」参考図 + local OSM drive network (display geometry)"
      },
      "geometry": {
        "type": "LineString",
        "coordinates": [
          [
            135.5211005,
            34.7560344
          ],
          [
            135.5214007,
            34.7556863
          ],
          [
            135.5216688,
            34.7553918
          ],
          [
            135.5219479,
            34.7550736
          ],
          [
            135.5222148,
            34.7547727
          ],
          [
            135.5227442,
            34.7550486
          ],
          [
            135.5232241,
            34.7544882
          ]
        ]
      }
    },
    {
      "type": "Feature",
      "properties": {
        "name": "桃山台41号線",
        "category": "地域緊急交通路（市）",
        "geometry_quality": "official_reference_map_road_snapped_display",
        "geometry_source": "吹田市「地域緊急交通路」参考図 + local OSM drive network (display geometry)"
      },
      "geometry": {
        "type": "LineString",
        "coordinates": [
          [
            135.4996257,
            34.7896691
          ],
          [
            135.5002573,
            34.7898055
          ],
          [
            135.5006731,
            34.7899275
          ],
          [
            135.5010356,
            34.7900418
          ],
          [
            135.5017937,
            34.7902579
          ],
          [
            135.5028176,
            34.7903059
          ],
          [
            135.5056162,
            34.7890333
          ],
          [
            135.5058069,
            34.7892716
          ],
          [
            135.5061367,
            34.7896756
          ],
          [
            135.5064229,
            34.7900228
          ],
          [
            135.5072037,
            34.7904186
          ],
          [
            135.5074984,
            34.7903652
          ],
          [
            135.5077627,
            34.7903087
          ],
          [
            135.5067717,
            34.7885589
          ],
          [
            135.5064145,
            34.7880334
          ],
          [
            135.5058872,
            34.7873295
          ],
          [
            135.5056277,
            34.7870924
          ],
          [
            135.5044325,
            34.7864881
          ],
          [
            135.5044424,
            34.7864173
          ],
          [
            135.5042239,
            34.7862479
          ],
          [
            135.5030522,
            34.7860034
          ],
          [
            135.502932,
            34.7857361
          ],
          [
            135.5028966,
            34.7856048
          ],
          [
            135.5028163,
            34.7852863
          ],
          [
            135.5027382,
            34.784991
          ],
          [
            135.5027176,
            34.7849016
          ],
          [
            135.5026527,
            34.7846707
          ],
          [
            135.5026367,
            34.7846152
          ],
          [
            135.502366,
            34.7846998
          ],
          [
            135.5019576,
            34.7847518
          ],
          [
            135.5015568,
            34.7848095
          ],
          [
            135.5014767,
            34.7848216
          ],
          [
            135.501195,
            34.7847961
          ],
          [
            135.5011008,
            34.7852296
          ]
        ]
      }
    },
    {
      "type": "Feature",
      "properties": {
        "name": "岸部新町1号線",
        "category": "地域緊急交通路（市）",
        "geometry_quality": "official_reference_map_road_snapped_display",
        "geometry_source": "吹田市「地域緊急交通路」参考図 + local OSM drive network (display geometry)"
      },
      "geometry": {
        "type": "LineString",
        "coordinates": [
          [
            135.5363671,
            34.7830092
          ],
          [
            135.5365833,
            34.7831929
          ],
          [
            135.5372736,
            34.7836944
          ],
          [
            135.5374475,
            34.7824118
          ],
          [
            135.5376038,
            34.7817123
          ],
          [
            135.5377846,
            34.7814573
          ],
          [
            135.5381657,
            34.7812901
          ],
          [
            135.5388456,
            34.780775
          ],
          [
            135.5390293,
            34.7805595
          ],
          [
            135.539142,
            34.7803975
          ],
          [
            135.5395092,
            34.779917
          ],
          [
            135.5396422,
            34.7797485
          ],
          [
            135.5397049,
            34.779669
          ],
          [
            135.5400625,
            34.7792861
          ]
        ]
      }
    },
    {
      "type": "Feature",
      "properties": {
        "name": "岸部中52号線",
        "category": "地域緊急交通路（市）",
        "geometry_quality": "official_reference_map_road_snapped_display",
        "geometry_source": "吹田市「地域緊急交通路」参考図 + local OSM drive network (display geometry)"
      },
      "geometry": {
        "type": "LineString",
        "coordinates": [
          [
            135.5329455,
            34.7779783
          ],
          [
            135.5337746,
            34.7792442
          ],
          [
            135.5340844,
            34.7797389
          ],
          [
            135.5344638,
            34.7796942
          ],
          [
            135.5354654,
            34.779521
          ],
          [
            135.5355245,
            34.7801104
          ],
          [
            135.5355946,
            34.7802088
          ],
          [
            135.535628,
            34.7802433
          ],
          [
            135.5358801,
            34.7805283
          ],
          [
            135.5365628,
            34.7801185
          ],
          [
            135.5424739,
            34.7754129
          ],
          [
            135.542416,
            34.7753803
          ],
          [
            135.5413097,
            34.7765597
          ],
          [
            135.5409018,
            34.7763578
          ],
          [
            135.5404745,
            34.7760228
          ],
          [
            135.5400598,
            34.7756989
          ],
          [
            135.5396008,
            34.7753404
          ],
          [
            135.5390457,
            34.774914
          ],
          [
            135.5382963,
            34.7741412
          ],
          [
            135.5383241,
            34.774094
          ],
          [
            135.5380605,
            34.7739754
          ]
        ]
      }
    },
    {
      "type": "Feature",
      "properties": {
        "name": "南吹田89号線",
        "category": "地域緊急交通路（市）",
        "geometry_quality": "official_reference_map_road_snapped_display",
        "geometry_source": "吹田市「地域緊急交通路」参考図 + local OSM drive network (display geometry)"
      },
      "geometry": {
        "type": "LineString",
        "coordinates": [
          [
            135.5046564,
            34.7529865
          ],
          [
            135.5060156,
            34.7529856
          ],
          [
            135.5060897,
            34.7535533
          ],
          [
            135.5076371,
            34.7535501
          ],
          [
            135.5093877,
            34.7535465
          ],
          [
            135.5096507,
            34.753543
          ],
          [
            135.5099558,
            34.7535396
          ]
        ]
      }
    },
    {
      "type": "Feature",
      "properties": {
        "name": "南吹田17号線",
        "category": "地域緊急交通路（市）",
        "geometry_quality": "official_reference_map_road_snapped_display",
        "geometry_source": "吹田市「地域緊急交通路」参考図 + local OSM drive network (display geometry)"
      },
      "geometry": {
        "type": "LineString",
        "coordinates": [
          [
            135.4999807,
            34.7524197
          ],
          [
            135.5005402,
            34.7524169
          ],
          [
            135.5012109,
            34.7524192
          ],
          [
            135.5014755,
            34.7524174
          ]
        ]
      }
    },
    {
      "type": "Feature",
      "properties": {
        "name": "金田大吹橋線",
        "category": "地域緊急交通路（市）",
        "geometry_quality": "official_reference_map_road_snapped_display",
        "geometry_source": "吹田市「地域緊急交通路」参考図 + local OSM drive network (display geometry)"
      },
      "geometry": {
        "type": "LineString",
        "coordinates": [
          [
            135.502099,
            34.754364
          ],
          [
            135.5026738,
            34.7542253
          ],
          [
            135.5034612,
            34.7540394
          ],
          [
            135.5044171,
            34.7543034
          ]
        ]
      }
    },
    {
      "type": "Feature",
      "properties": {
        "name": "岸部中88号線",
        "category": "地域緊急交通路（市）",
        "geometry_quality": "official_reference_map_road_snapped_display",
        "geometry_source": "吹田市「地域緊急交通路」参考図 + local OSM drive network (display geometry)"
      },
      "geometry": {
        "type": "LineString",
        "coordinates": [
          [
            135.5405337,
            34.7901052
          ],
          [
            135.5416364,
            34.7900307
          ],
          [
            135.5415824,
            34.7894415
          ],
          [
            135.5419926,
            34.7886073
          ],
          [
            135.5415721,
            34.7882114
          ]
        ]
      }
    },
    {
      "type": "Feature",
      "properties": {
        "name": "朝日が丘片山線",
        "category": "地域緊急交通路（市）",
        "geometry_quality": "official_reference_map_road_snapped_display",
        "geometry_source": "吹田市「地域緊急交通路」参考図 + local OSM drive network (display geometry)"
      },
      "geometry": {
        "type": "LineString",
        "coordinates": [
          [
            135.514315,
            34.7798439
          ],
          [
            135.5150248,
            34.7790158
          ],
          [
            135.5151435,
            34.7788714
          ],
          [
            135.5156706,
            34.7782438
          ],
          [
            135.5158787,
            34.7780199
          ],
          [
            135.515841,
            34.7773041
          ],
          [
            135.5165494,
            34.7771828
          ],
          [
            135.5169057,
            34.7771619
          ],
          [
            135.5171309,
            34.7764501
          ],
          [
            135.5171593,
            34.7761605
          ],
          [
            135.5171587,
            34.7757627
          ],
          [
            135.5169395,
            34.7755493
          ],
          [
            135.5168316,
            34.7749508
          ],
          [
            135.5167611,
            34.7748479
          ],
          [
            135.516279,
            34.7747625
          ],
          [
            135.5157769,
            34.7744719
          ],
          [
            135.5156657,
            34.7744772
          ],
          [
            135.5153027,
            34.7742688
          ],
          [
            135.5152386,
            34.7740946
          ],
          [
            135.5148022,
            34.7734248
          ],
          [
            135.5147947,
            34.7733699
          ],
          [
            135.5141463,
            34.7732308
          ],
          [
            135.5142482,
            34.7725764
          ],
          [
            135.5143244,
            34.7722291
          ],
          [
            135.51451,
            34.7717663
          ],
          [
            135.5150223,
            34.7711543
          ],
          [
            135.5154555,
            34.7705489
          ],
          [
            135.5156903,
            34.7699951
          ],
          [
            135.5154363,
            34.7698707
          ]
        ]
      }
    },
    {
      "type": "Feature",
      "properties": {
        "name": "千里山東朝日が丘線",
        "category": "地域緊急交通路（市）",
        "geometry_quality": "official_reference_map_road_snapped_display",
        "geometry_source": "吹田市「地域緊急交通路」参考図 + local OSM drive network (display geometry)"
      },
      "geometry": {
        "type": "LineString",
        "coordinates": [
          [
            135.5123254,
            34.7862815
          ],
          [
            135.5122717,
            34.7862953
          ],
          [
            135.512418,
            34.7865006
          ],
          [
            135.5126271,
            34.7864059
          ],
          [
            135.5132124,
            34.7856212
          ],
          [
            135.5132118,
            34.785538
          ],
          [
            135.5132413,
            34.7853728
          ],
          [
            135.513261,
            34.7852517
          ],
          [
            135.5132883,
            34.7851034
          ],
          [
            135.5133442,
            34.7847356
          ],
          [
            135.5147875,
            34.7840644
          ],
          [
            135.5148802,
            34.783595
          ],
          [
            135.5164165,
            34.782623
          ],
          [
            135.5156057,
            34.7823187
          ],
          [
            135.514568,
            34.782299
          ],
          [
            135.514359,
            34.7823317
          ],
          [
            135.5141714,
            34.7825074
          ],
          [
            135.514359,
            34.7823317
          ],
          [
            135.514568,
            34.782299
          ],
          [
            135.5146224,
            34.7819749
          ],
          [
            135.515118,
            34.7813874
          ],
          [
            135.5147911,
            34.7811161
          ],
          [
            135.515322,
            34.7804609
          ],
          [
            135.5156975,
            34.7800214
          ],
          [
            135.5151496,
            34.7799555
          ],
          [
            135.5149405,
            34.77993
          ],
          [
            135.5154999,
            34.7792699
          ],
          [
            135.5150248,
            34.7790158
          ],
          [
            135.5151435,
            34.7788714
          ],
          [
            135.5146772,
            34.7784756
          ]
        ]
      }
    }
  ]
}